id_solicitud,id_estudiante,id_periodo,id_curso,id_sede,id_horario,fecha,resultado
1,143,1,8,3,1,2024-02-04,ASIGNADA
2,143,1,4,2,2,2024-02-10,ASIGNADA
3,143,1,1,3,1,2024-02-05,ASIGNADA
4,143,1,6,3,2,2024-02-07,ASIGNADA
5,219,1,9,1,3,2024-02-08,ASIGNADA
6,219,1,3,3,1,2024-02-08,ASIGNADA
7,219,1,2,1,3,2024-02-01,ASIGNADA
8,219,1,5,2,1,2024-02-03,ASIGNADA
9,196,1,7,1,1,2024-02-09,ASIGNADA
10,196,1,1,2,1,2024-02-09,ASIGNADA
11,196,1,8,1,2,2024-02-01,ASIGNADA
12,196,1,9,1,1,2024-02-03,DESISTIDA
13,35,1,3,2,1,2024-02-04,NO_ELEGIBLE
14,35,1,7,3,2,2024-02-03,ASIGNADA
15,35,1,2,3,2,2024-02-08,ASIGNADA
16,35,1,8,1,2,2024-02-11,ASIGNADA
17,14,1,2,1,3,2024-02-09,ASIGNADA
18,14,1,4,1,3,2024-02-06,ASIGNADA
19,14,1,8,1,1,2024-02-10,ASIGNADA
20,14,1,3,1,1,2024-02-06,ASIGNADA
21,93,1,4,1,3,2024-02-06,ASIGNADA
22,93,1,3,1,2,2024-02-01,ASIGNADA
23,93,1,5,1,1,2024-02-04,ASIGNADA
24,93,1,7,2,2,2024-02-04,ASIGNADA
25,24,1,6,3,1,2024-02-10,ASIGNADA
26,24,1,7,2,2,2024-02-08,ASIGNADA
27,24,1,4,1,1,2024-02-07,ASIGNADA
28,24,1,3,3,1,2024-02-09,NO_ELEGIBLE
29,81,1,3,1,1,2024-02-02,ASIGNADA
30,81,1,5,1,1,2024-02-08,ASIGNADA
31,81,1,2,2,1,2024-02-04,ASIGNADA
32,81,1,1,2,3,2024-02-06,ASIGNADA
33,140,1,2,1,2,2024-02-06,ASIGNADA
34,140,1,7,1,1,2024-02-03,DESISTIDA
35,140,1,4,1,3,2024-02-03,ASIGNADA
36,140,1,5,1,1,2024-02-08,ASIGNADA
37,128,1,1,3,1,2024-02-05,ASIGNADA
38,128,1,5,2,1,2024-02-10,ASIGNADA
39,128,1,3,1,1,2024-02-01,ASIGNADA
40,128,1,7,1,1,2024-02-10,ASIGNADA
41,152,1,7,1,2,2024-02-09,ASIGNADA
42,152,1,8,1,2,2024-02-01,ASIGNADA
43,152,1,4,1,1,2024-02-03,ASIGNADA
44,152,1,3,1,1,2024-02-08,ASIGNADA
45,178,1,8,1,1,2024-02-11,ASIGNADA
46,178,1,6,1,1,2024-02-11,ASIGNADA
47,178,1,7,1,3,2024-02-05,ASIGNADA
48,178,1,5,3,1,2024-02-04,ASIGNADA
49,209,1,6,1,2,2024-02-09,ASIGNADA
50,209,1,2,2,2,2024-02-09,ASIGNADA
51,209,1,1,1,1,2024-02-06,ASIGNADA
52,209,1,4,2,1,2024-02-03,NO_ELEGIBLE
53,44,1,4,1,1,2024-02-03,ASIGNADA
54,44,1,6,3,2,2024-02-08,ASIGNADA
55,44,1,9,2,3,2024-02-03,ASIGNADA
56,44,1,7,1,1,2024-02-06,NO_ELEGIBLE
57,211,1,1,1,1,2024-02-01,ASIGNADA
58,211,1,9,1,2,2024-02-10,ASIGNADA
59,211,1,7,1,2,2024-02-07,ASIGNADA
60,211,1,4,2,1,2024-02-08,ASIGNADA
61,12,1,7,1,1,2024-02-03,ASIGNADA
62,12,1,3,1,2,2024-02-11,ASIGNADA
63,12,1,4,3,1,2024-02-10,ASIGNADA
64,12,1,9,1,2,2024-02-04,ASIGNADA
65,171,1,2,3,2,2024-02-08,ASIGNADA
66,171,1,8,1,1,2024-02-09,ASIGNADA
67,171,1,7,1,1,2024-02-02,ASIGNADA
68,171,1,1,1,2,2024-02-04,ASIGNADA
69,34,1,1,2,1,2024-02-06,ASIGNADA
70,34,1,2,1,1,2024-02-08,ASIGNADA
71,34,1,4,2,2,2024-02-05,ASIGNADA
72,34,1,6,2,2,2024-02-09,ASIGNADA
73,22,1,5,1,1,2024-02-04,ASIGNADA
74,22,1,7,1,1,2024-02-10,ASIGNADA
75,22,1,2,1,2,2024-02-05,ASIGNADA
76,22,1,6,1,2,2024-02-10,ASIGNADA
77,80,1,6,1,2,2024-02-04,ASIGNADA
78,80,1,8,2,3,2024-02-09,ASIGNADA
79,80,1,3,3,2,2024-02-10,ASIGNADA
80,80,1,2,1,1,2024-02-07,ASIGNADA
81,137,1,8,1,1,2024-02-09,ASIGNADA
82,137,1,7,1,1,2024-02-11,SIN_CUPO
83,137,1,1,1,1,2024-02-04,ASIGNADA
84,137,1,4,1,1,2024-02-08,DESISTIDA
85,159,1,3,1,1,2024-02-11,ASIGNADA
86,159,1,7,1,1,2024-02-04,SIN_CUPO
87,159,1,6,1,3,2024-02-10,ASIGNADA
88,159,1,5,3,1,2024-02-11,ASIGNADA
89,119,1,4,1,2,2024-02-05,ASIGNADA
90,119,1,1,3,1,2024-02-05,ASIGNADA
91,119,1,8,3,1,2024-02-05,ASIGNADA
92,119,1,5,1,2,2024-02-08,ASIGNADA
93,92,1,1,2,1,2024-02-07,ASIGNADA
94,92,1,6,1,2,2024-02-01,ASIGNADA
95,92,1,2,1,1,2024-02-11,ASIGNADA
96,92,1,3,1,3,2024-02-08,DESISTIDA
97,98,1,7,1,1,2024-02-02,SIN_CUPO
98,98,1,6,3,1,2024-02-06,ASIGNADA
99,98,1,5,3,1,2024-02-04,ASIGNADA
100,98,1,9,1,1,2024-02-01,ASIGNADA
101,123,1,5,2,3,2024-02-06,DESISTIDA
102,123,1,4,1,1,2024-02-04,ASIGNADA
103,123,1,9,1,1,2024-02-07,ASIGNADA
104,123,1,2,1,2,2024-02-09,ASIGNADA
105,64,1,9,1,1,2024-02-07,ASIGNADA
106,64,1,8,2,1,2024-02-01,ASIGNADA
107,64,1,1,1,2,2024-02-11,ASIGNADA
108,64,1,6,1,1,2024-02-04,ASIGNADA
109,70,1,2,1,1,2024-02-07,ASIGNADA
110,70,1,4,2,1,2024-02-02,ASIGNADA
111,70,1,1,1,1,2024-02-07,ASIGNADA
112,70,1,7,3,1,2024-02-08,ASIGNADA
113,37,1,9,1,2,2024-02-08,ASIGNADA
114,37,1,2,1,3,2024-02-11,ASIGNADA
115,37,1,7,1,1,2024-02-03,SIN_CUPO
116,37,1,6,2,1,2024-02-10,ASIGNADA
117,69,1,8,3,1,2024-02-03,ASIGNADA
118,69,1,1,3,1,2024-02-07,ASIGNADA
119,69,1,7,1,1,2024-02-09,SIN_CUPO
120,69,1,3,2,2,2024-02-01,ASIGNADA
121,108,1,5,1,2,2024-02-06,ASIGNADA
122,108,1,8,2,1,2024-02-05,ASIGNADA
123,108,1,3,2,1,2024-02-11,ASIGNADA
124,108,1,7,2,1,2024-02-02,ASIGNADA
125,39,1,2,1,2,2024-02-01,ASIGNADA
126,39,1,8,1,1,2024-02-08,ASIGNADA
127,39,1,1,2,1,2024-02-01,ASIGNADA
128,39,1,3,1,2,2024-02-08,ASIGNADA
129,164,1,3,3,3,2024-02-07,ASIGNADA
130,164,1,5,2,1,2024-02-06,ASIGNADA
131,164,1,1,1,3,2024-02-09,ASIGNADA
132,164,1,6,1,1,2024-02-06,ASIGNADA
133,160,1,5,1,2,2024-02-11,ASIGNADA
134,160,1,9,1,2,2024-02-05,ASIGNADA
135,160,1,1,1,2,2024-02-06,ASIGNADA
136,160,1,2,3,1,2024-02-02,ASIGNADA
137,124,1,4,3,1,2024-02-11,ASIGNADA
138,124,1,3,1,3,2024-02-09,ASIGNADA
139,124,1,7,1,2,2024-02-10,ASIGNADA
140,124,1,5,1,2,2024-02-02,ASIGNADA
141,161,1,1,2,2,2024-02-04,ASIGNADA
142,161,1,4,2,2,2024-02-06,ASIGNADA
143,161,1,6,1,1,2024-02-02,ASIGNADA
144,161,1,7,1,2,2024-02-11,ASIGNADA
145,170,1,3,3,1,2024-02-01,ASIGNADA
146,170,1,1,1,2,2024-02-05,ASIGNADA
147,170,1,5,2,1,2024-02-07,ASIGNADA
148,170,1,6,1,1,2024-02-03,ASIGNADA
149,89,1,9,1,1,2024-02-05,ASIGNADA
150,89,1,7,1,2,2024-02-04,ASIGNADA
151,89,1,2,2,2,2024-02-06,ASIGNADA
152,89,1,1,1,1,2024-02-06,NO_ELEGIBLE
153,59,1,9,2,2,2024-02-04,ASIGNADA
154,59,1,4,3,1,2024-02-04,ASIGNADA
155,59,1,8,1,3,2024-02-06,ASIGNADA
156,59,1,3,2,1,2024-02-02,ASIGNADA
157,220,1,4,1,2,2024-02-08,ASIGNADA
158,220,1,3,3,1,2024-02-11,DESISTIDA
159,220,1,9,2,1,2024-02-03,ASIGNADA
160,220,1,5,1,1,2024-02-03,ASIGNADA
161,166,1,4,1,2,2024-02-10,ASIGNADA
162,166,1,2,3,2,2024-02-04,ASIGNADA
163,166,1,9,1,1,2024-02-06,ASIGNADA
164,166,1,5,1,1,2024-02-03,SIN_CUPO
165,85,1,3,1,1,2024-02-08,SIN_CUPO
166,85,1,7,1,1,2024-02-07,SIN_CUPO
167,85,1,2,1,1,2024-02-06,ASIGNADA
168,85,1,1,1,1,2024-02-04,ASIGNADA
169,7,1,1,1,1,2024-02-11,SIN_CUPO
170,7,1,4,1,3,2024-02-06,ASIGNADA
171,7,1,5,1,2,2024-02-09,ASIGNADA
172,7,1,9,3,2,2024-02-10,ASIGNADA
173,115,1,5,1,1,2024-02-11,SIN_CUPO
174,115,1,7,1,1,2024-02-09,SIN_CUPO
175,115,1,8,1,3,2024-02-02,ASIGNADA
176,115,1,1,2,1,2024-02-07,NO_ELEGIBLE
177,97,1,3,1,1,2024-02-07,SIN_CUPO
178,97,1,1,1,1,2024-02-04,SIN_CUPO
179,97,1,8,2,1,2024-02-06,ASIGNADA
180,97,1,2,1,1,2024-02-01,SIN_CUPO
181,109,1,1,1,2,2024-02-11,ASIGNADA
182,109,1,2,1,1,2024-02-07,SIN_CUPO
183,109,1,6,3,2,2024-02-04,ASIGNADA
184,109,1,7,1,1,2024-02-11,SIN_CUPO
185,191,1,8,1,1,2024-02-04,SIN_CUPO
186,191,1,1,1,2,2024-02-06,ASIGNADA
187,191,1,5,2,1,2024-02-03,ASIGNADA
188,191,1,3,1,1,2024-02-08,SIN_CUPO
189,90,1,1,1,1,2024-02-06,SIN_CUPO
190,90,1,2,2,2,2024-02-05,ASIGNADA
191,90,1,8,1,3,2024-02-01,ASIGNADA
192,90,1,3,2,3,2024-02-04,ASIGNADA
193,179,1,8,3,1,2024-02-03,ASIGNADA
194,179,1,5,1,1,2024-02-06,SIN_CUPO
195,179,1,6,1,1,2024-02-05,SIN_CUPO
196,179,1,7,2,1,2024-02-09,ASIGNADA
197,135,1,6,3,1,2024-02-07,ASIGNADA
198,135,1,3,2,1,2024-02-07,ASIGNADA
199,135,1,9,2,1,2024-02-11,ASIGNADA
200,135,1,1,2,1,2024-02-02,ASIGNADA
201,5,1,4,3,1,2024-02-11,ASIGNADA
202,5,1,3,1,3,2024-02-09,ASIGNADA
203,5,1,9,1,1,2024-02-10,SIN_CUPO
204,5,1,6,1,1,2024-02-03,SIN_CUPO
205,4,1,4,1,3,2024-02-09,ASIGNADA
206,4,1,5,2,1,2024-02-06,ASIGNADA
207,4,1,8,1,1,2024-02-08,SIN_CUPO
208,4,1,3,1,3,2024-02-03,ASIGNADA
209,165,1,1,1,1,2024-02-06,SIN_CUPO
210,165,1,5,2,1,2024-02-11,ASIGNADA
211,165,1,6,1,1,2024-02-02,SIN_CUPO
212,165,1,7,2,2,2024-02-09,ASIGNADA
213,38,1,6,1,2,2024-02-11,ASIGNADA
214,38,1,7,2,1,2024-02-07,ASIGNADA
215,38,1,3,1,1,2024-02-01,SIN_CUPO
216,38,1,4,2,1,2024-02-06,ASIGNADA
217,40,1,7,1,2,2024-02-11,ASIGNADA
218,40,1,9,1,1,2024-02-06,SIN_CUPO
219,40,1,1,1,1,2024-02-03,SIN_CUPO
220,40,1,2,2,1,2024-02-05,ASIGNADA
221,91,1,8,2,2,2024-02-10,ASIGNADA
222,91,1,7,1,1,2024-02-04,SIN_CUPO
223,91,1,1,1,2,2024-02-02,ASIGNADA
224,91,1,2,1,1,2024-02-06,SIN_CUPO
225,67,1,8,1,1,2024-02-04,DESISTIDA
226,67,1,9,1,3,2024-02-03,ASIGNADA
227,67,1,5,1,2,2024-02-08,NO_ELEGIBLE
228,67,1,3,1,1,2024-02-07,SIN_CUPO
229,218,1,6,3,2,2024-02-02,ASIGNADA
230,218,1,9,1,1,2024-02-09,SIN_CUPO
231,218,1,3,3,1,2024-02-10,ASIGNADA
232,218,1,5,1,1,2024-02-04,SIN_CUPO
233,18,1,3,1,1,2024-02-06,SIN_CUPO
234,18,1,9,1,1,2024-02-11,SIN_CUPO
235,18,1,4,3,1,2024-02-03,ASIGNADA
236,18,1,6,1,3,2024-02-01,ASIGNADA
237,29,1,6,1,1,2024-02-06,SIN_CUPO
238,29,1,1,1,1,2024-02-06,SIN_CUPO
239,29,1,9,1,1,2024-02-09,SIN_CUPO
240,29,1,3,3,1,2024-02-03,ASIGNADA
241,88,1,4,2,1,2024-02-11,ASIGNADA
242,88,1,8,1,3,2024-02-10,ASIGNADA
243,88,1,5,1,2,2024-02-03,NO_ELEGIBLE
244,88,1,1,1,1,2024-02-06,SIN_CUPO
245,99,1,4,1,1,2024-02-11,ASIGNADA
246,99,1,2,1,1,2024-02-01,SIN_CUPO
247,99,1,3,1,1,2024-02-04,SIN_CUPO
248,99,1,1,2,1,2024-02-02,ASIGNADA
249,20,1,9,3,2,2024-02-08,ASIGNADA
250,20,1,7,1,1,2024-02-11,SIN_CUPO
251,20,1,1,1,2,2024-02-10,ASIGNADA
252,20,1,4,3,3,2024-02-04,ASIGNADA
253,45,1,3,2,2,2024-02-10,ASIGNADA
254,45,1,6,1,1,2024-02-07,SIN_CUPO
255,45,1,1,1,1,2024-02-08,SIN_CUPO
256,45,1,4,1,1,2024-02-11,SIN_CUPO
257,194,1,9,1,1,2024-02-10,SIN_CUPO
258,194,1,1,2,3,2024-02-06,ASIGNADA
259,194,1,4,3,1,2024-02-03,ASIGNADA
260,194,1,8,3,1,2024-02-02,ASIGNADA
261,150,1,5,2,2,2024-02-08,ASIGNADA
262,150,1,6,1,2,2024-02-04,ASIGNADA
263,150,1,8,1,1,2024-02-05,SIN_CUPO
264,150,1,4,2,1,2024-02-09,ASIGNADA
265,50,1,4,1,3,2024-02-03,ASIGNADA
266,50,1,8,2,2,2024-02-07,ASIGNADA
267,50,1,5,1,1,2024-02-07,SIN_CUPO
268,50,1,7,2,2,2024-02-11,ASIGNADA
269,154,1,1,3,1,2024-02-06,ASIGNADA
270,154,1,5,1,1,2024-02-11,SIN_CUPO
271,154,1,9,2,3,2024-02-03,ASIGNADA
272,154,1,6,2,3,2024-02-06,ASIGNADA
273,103,1,4,2,1,2024-02-03,NO_ELEGIBLE
274,103,1,3,1,2,2024-02-10,ASIGNADA
275,103,1,2,1,2,2024-02-11,ASIGNADA
276,103,1,7,1,2,2024-02-10,ASIGNADA
277,201,1,2,2,1,2024-02-06,ASIGNADA
278,201,1,4,3,1,2024-02-01,ASIGNADA
279,201,1,8,2,1,2024-02-10,ASIGNADA
280,201,1,5,3,1,2024-02-07,ASIGNADA
281,139,1,3,2,3,2024-02-03,ASIGNADA
282,139,1,9,1,1,2024-02-06,SIN_CUPO
283,139,1,2,1,1,2024-02-07,SIN_CUPO
284,139,1,7,1,2,2024-02-06,ASIGNADA
285,195,1,6,1,3,2024-02-03,ASIGNADA
286,195,1,2,2,1,2024-02-09,ASIGNADA
287,195,1,1,3,2,2024-02-06,ASIGNADA
288,195,1,4,2,2,2024-02-10,ASIGNADA
289,156,1,1,1,1,2024-02-02,SIN_CUPO
290,156,1,6,1,2,2024-02-02,ASIGNADA
291,156,1,2,2,3,2024-02-10,ASIGNADA
292,156,1,9,2,2,2024-02-10,ASIGNADA
293,83,1,9,1,3,2024-02-02,ASIGNADA
294,83,1,6,3,1,2024-02-10,ASIGNADA
295,83,1,3,1,1,2024-02-06,SIN_CUPO
296,83,1,4,2,1,2024-02-05,ASIGNADA
297,224,1,3,1,1,2024-02-07,SIN_CUPO
298,224,1,8,3,2,2024-02-03,ASIGNADA
299,224,1,5,1,2,2024-02-04,ASIGNADA
300,224,1,4,1,1,2024-02-01,SIN_CUPO
301,125,1,6,1,3,2024-02-01,ASIGNADA
302,125,1,4,1,1,2024-02-06,SIN_CUPO
303,125,1,2,1,2,2024-02-07,DESISTIDA
304,125,1,9,1,3,2024-02-11,ASIGNADA
305,235,1,4,1,1,2024-02-02,SIN_CUPO
306,235,1,8,2,1,2024-02-05,ASIGNADA
307,235,1,7,1,1,2024-02-04,NO_ELEGIBLE
308,235,1,2,3,1,2024-02-01,ASIGNADA
309,101,1,6,1,2,2024-02-07,ASIGNADA
310,101,1,3,3,3,2024-02-08,ASIGNADA
311,101,1,1,1,1,2024-02-03,SIN_CUPO
312,101,1,7,1,1,2024-02-08,SIN_CUPO
313,105,1,2,1,1,2024-02-05,SIN_CUPO
314,105,1,5,1,3,2024-02-09,ASIGNADA
315,105,1,7,2,1,2024-02-09,ASIGNADA
316,105,1,3,3,1,2024-02-07,ASIGNADA
317,223,1,3,2,3,2024-02-07,ASIGNADA
318,223,1,7,1,2,2024-02-09,ASIGNADA
319,223,1,5,3,1,2024-02-11,ASIGNADA
320,223,1,2,2,2,2024-02-05,ASIGNADA
321,145,1,8,1,1,2024-02-03,SIN_CUPO
322,145,1,7,1,1,2024-02-07,NO_ELEGIBLE
323,145,1,1,2,1,2024-02-11,ASIGNADA
324,145,1,2,1,2,2024-02-03,ASIGNADA
325,112,1,2,1,2,2024-02-10,ASIGNADA
326,112,1,5,1,1,2024-02-10,SIN_CUPO
327,112,1,7,1,1,2024-02-05,SIN_CUPO
328,112,1,9,2,2,2024-02-07,ASIGNADA
329,56,1,4,2,1,2024-02-09,ASIGNADA
330,56,1,8,1,2,2024-02-04,ASIGNADA
331,56,1,1,1,2,2024-02-04,ASIGNADA
332,56,1,9,1,2,2024-02-03,ASIGNADA
333,118,1,9,1,3,2024-02-09,DESISTIDA
334,118,1,4,1,1,2024-02-05,SIN_CUPO
335,118,1,8,3,2,2024-02-11,ASIGNADA
336,118,1,5,1,1,2024-02-10,SIN_CUPO
337,49,1,9,1,2,2024-02-11,ASIGNADA
338,49,1,7,2,1,2024-02-01,ASIGNADA
339,49,1,8,2,3,2024-02-10,ASIGNADA
340,49,1,3,3,3,2024-02-09,ASIGNADA
341,163,1,6,2,1,2024-02-01,ASIGNADA
342,163,1,9,1,1,2024-02-01,SIN_CUPO
343,163,1,4,1,3,2024-02-02,ASIGNADA
344,163,1,3,2,1,2024-02-11,ASIGNADA
345,133,1,5,1,1,2024-02-10,SIN_CUPO
346,133,1,3,1,3,2024-02-10,ASIGNADA
347,133,1,8,1,2,2024-02-08,ASIGNADA
348,133,1,4,1,1,2024-02-10,SIN_CUPO
349,184,1,7,3,1,2024-02-07,ASIGNADA
350,184,1,1,1,2,2024-02-01,ASIGNADA
351,184,1,4,2,1,2024-02-11,ASIGNADA
352,184,1,9,1,3,2024-02-07,NO_ELEGIBLE
353,174,1,2,1,1,2024-02-02,SIN_CUPO
354,174,1,1,2,1,2024-02-05,ASIGNADA
355,174,1,6,1,1,2024-02-04,SIN_CUPO
356,174,1,4,1,1,2024-02-10,NO_ELEGIBLE
357,141,1,9,3,2,2024-02-08,ASIGNADA
358,141,1,3,1,1,2024-02-10,SIN_CUPO
359,141,1,6,1,1,2024-02-02,SIN_CUPO
360,141,1,4,1,1,2024-02-10,DESISTIDA
361,237,1,6,3,2,2024-02-04,ASIGNADA
362,237,1,1,1,1,2024-02-07,SIN_CUPO
363,237,1,8,3,1,2024-02-06,ASIGNADA
364,237,1,7,1,2,2024-02-04,ASIGNADA
365,151,1,6,3,1,2024-02-05,ASIGNADA
366,151,1,4,1,1,2024-02-09,SIN_CUPO
367,151,1,1,2,1,2024-02-02,ASIGNADA
368,151,1,9,1,3,2024-02-09,ASIGNADA
369,168,1,2,3,3,2024-02-10,ASIGNADA
370,168,1,3,2,1,2024-02-05,ASIGNADA
371,168,1,7,2,2,2024-02-06,ASIGNADA
372,168,1,1,1,1,2024-02-10,SIN_CUPO
373,122,1,6,1,2,2024-02-06,ASIGNADA
374,122,1,1,2,1,2024-02-01,ASIGNADA
375,122,1,2,1,1,2024-02-05,SIN_CUPO
376,122,1,4,1,2,2024-02-09,ASIGNADA
377,226,1,6,1,2,2024-02-08,ASIGNADA
378,226,1,7,1,2,2024-02-03,SIN_CUPO
379,226,1,2,1,3,2024-02-04,ASIGNADA
380,226,1,4,2,1,2024-02-04,ASIGNADA
381,16,1,6,2,2,2024-02-05,ASIGNADA
382,16,1,8,1,3,2024-02-09,DESISTIDA
383,16,1,3,3,2,2024-02-02,ASIGNADA
384,16,1,2,1,3,2024-02-06,ASIGNADA
385,117,1,3,3,2,2024-02-01,ASIGNADA
386,117,1,9,2,1,2024-02-06,ASIGNADA
387,117,1,6,3,1,2024-02-09,ASIGNADA
388,117,1,7,1,1,2024-02-06,SIN_CUPO
389,68,1,2,1,1,2024-02-11,SIN_CUPO
390,68,1,4,1,1,2024-02-06,SIN_CUPO
391,68,1,1,1,1,2024-02-11,SIN_CUPO
392,68,1,8,2,3,2024-02-03,ASIGNADA
393,153,1,5,1,1,2024-02-04,SIN_CUPO
394,153,1,8,3,1,2024-02-10,ASIGNADA
395,153,1,7,2,1,2024-02-01,ASIGNADA
396,153,1,6,3,1,2024-02-02,ASIGNADA
397,111,1,9,1,1,2024-02-03,SIN_CUPO
398,111,1,8,2,1,2024-02-07,ASIGNADA
399,111,1,6,1,3,2024-02-04,ASIGNADA
400,111,1,7,1,1,2024-02-08,SIN_CUPO
401,229,1,3,1,1,2024-02-02,SIN_CUPO
402,229,1,4,2,3,2024-02-05,ASIGNADA
403,229,1,2,1,1,2024-02-10,SIN_CUPO
404,229,1,6,1,1,2024-02-07,SIN_CUPO
405,60,1,3,3,1,2024-02-08,NO_ELEGIBLE
406,60,1,4,1,1,2024-02-10,NO_ELEGIBLE
407,60,1,9,2,3,2024-02-02,ASIGNADA
408,60,1,8,1,1,2024-02-07,SIN_CUPO
409,28,1,3,1,3,2024-02-07,ASIGNADA
410,28,1,2,1,1,2024-02-11,SIN_CUPO
411,28,1,9,1,1,2024-02-04,SIN_CUPO
412,28,1,1,1,1,2024-02-05,SIN_CUPO
413,54,1,7,1,2,2024-02-06,SIN_CUPO
414,54,1,1,1,1,2024-02-06,SIN_CUPO
415,54,1,6,2,1,2024-02-11,ASIGNADA
416,54,1,3,1,3,2024-02-03,ASIGNADA
417,240,1,9,1,1,2024-02-09,SIN_CUPO
418,240,1,5,3,1,2024-02-03,DESISTIDA
419,240,1,3,1,1,2024-02-04,SIN_CUPO
420,240,1,4,1,3,2024-02-07,ASIGNADA
421,113,1,6,2,2,2024-02-10,ASIGNADA
422,113,1,5,1,2,2024-02-11,ASIGNADA
423,113,1,8,2,3,2024-02-08,ASIGNADA
424,113,1,2,1,1,2024-02-07,SIN_CUPO
425,147,1,3,2,2,2024-02-11,ASIGNADA
426,147,1,8,1,2,2024-02-09,ASIGNADA
427,147,1,9,3,1,2024-02-10,ASIGNADA
428,147,1,7,1,2,2024-02-09,SIN_CUPO
429,15,1,4,2,3,2024-02-08,ASIGNADA
430,15,1,2,2,1,2024-02-10,ASIGNADA
431,15,1,9,3,2,2024-02-07,ASIGNADA
432,15,1,6,3,3,2024-02-04,ASIGNADA
433,169,1,7,1,3,2024-02-04,ASIGNADA
434,169,1,6,3,3,2024-02-08,ASIGNADA
435,169,1,8,2,1,2024-02-02,ASIGNADA
436,169,1,1,1,1,2024-02-01,SIN_CUPO
437,6,1,6,1,2,2024-02-01,ASIGNADA
438,6,1,8,1,2,2024-02-02,ASIGNADA
439,6,1,7,1,1,2024-02-03,NO_ELEGIBLE
440,6,1,9,3,1,2024-02-08,ASIGNADA
441,23,1,2,3,2,2024-02-02,ASIGNADA
442,23,1,6,3,1,2024-02-05,ASIGNADA
443,23,1,8,2,3,2024-02-05,ASIGNADA
444,23,1,4,1,1,2024-02-02,SIN_CUPO
445,227,1,7,1,1,2024-02-07,SIN_CUPO
446,227,1,2,1,1,2024-02-10,SIN_CUPO
447,227,1,5,1,3,2024-02-11,ASIGNADA
448,227,1,6,1,1,2024-02-10,SIN_CUPO
449,198,1,8,3,1,2024-02-03,ASIGNADA
450,198,1,7,1,1,2024-02-05,SIN_CUPO
451,198,1,3,2,2,2024-02-06,ASIGNADA
452,198,1,1,2,1,2024-02-05,ASIGNADA
453,130,1,7,2,1,2024-02-03,ASIGNADA
454,130,1,3,3,2,2024-02-08,ASIGNADA
455,130,1,9,1,1,2024-02-05,SIN_CUPO
456,130,1,5,3,1,2024-02-03,ASIGNADA
457,63,1,7,1,2,2024-02-10,SIN_CUPO
458,63,1,3,1,2,2024-02-01,ASIGNADA
459,63,1,6,2,1,2024-02-08,ASIGNADA
460,63,1,5,2,1,2024-02-03,ASIGNADA
461,95,1,8,1,2,2024-02-05,ASIGNADA
462,95,1,9,1,3,2024-02-09,ASIGNADA
463,95,1,3,3,2,2024-02-10,DESISTIDA
464,95,1,2,2,1,2024-02-01,ASIGNADA
465,216,1,3,1,3,2024-02-10,ASIGNADA
466,216,1,5,3,3,2024-02-03,ASIGNADA
467,216,1,7,1,2,2024-02-01,SIN_CUPO
468,216,1,6,1,2,2024-02-04,ASIGNADA
469,8,1,6,3,1,2024-02-02,ASIGNADA
470,8,1,9,1,2,2024-02-09,ASIGNADA
471,8,1,1,3,3,2024-02-06,ASIGNADA
472,8,1,7,1,1,2024-02-10,SIN_CUPO
473,192,1,7,3,1,2024-02-11,ASIGNADA
474,192,1,2,3,1,2024-02-09,ASIGNADA
475,192,1,5,1,3,2024-02-07,ASIGNADA
476,192,1,9,2,1,2024-02-02,ASIGNADA
477,134,1,6,1,2,2024-02-09,ASIGNADA
478,134,1,8,1,3,2024-02-08,ASIGNADA
479,134,1,4,2,3,2024-02-03,ASIGNADA
480,134,1,5,2,1,2024-02-05,ASIGNADA
481,202,1,7,3,1,2024-02-05,ASIGNADA
482,202,1,2,2,2,2024-02-01,ASIGNADA
483,202,1,3,1,2,2024-02-09,ASIGNADA
484,202,1,4,1,2,2024-02-04,DESISTIDA
485,74,1,8,1,1,2024-02-03,SIN_CUPO
486,74,1,3,1,1,2024-02-11,SIN_CUPO
487,74,1,9,1,1,2024-02-07,SIN_CUPO
488,74,1,4,1,3,2024-02-08,ASIGNADA
489,65,1,9,1,3,2024-02-04,ASIGNADA
490,65,1,3,1,2,2024-02-03,DESISTIDA
491,65,1,5,2,1,2024-02-03,ASIGNADA
492,65,1,2,1,1,2024-02-03,NO_ELEGIBLE
493,175,1,4,1,1,2024-02-06,SIN_CUPO
494,175,1,7,3,2,2024-02-07,ASIGNADA
495,175,1,5,1,1,2024-02-02,SIN_CUPO
496,175,1,2,1,1,2024-02-06,SIN_CUPO
497,205,1,8,2,2,2024-02-08,ASIGNADA
498,205,1,5,2,1,2024-02-10,ASIGNADA
499,205,1,3,1,1,2024-02-06,SIN_CUPO
500,205,1,9,3,1,2024-02-09,ASIGNADA
501,58,1,1,3,1,2024-02-09,ASIGNADA
502,58,1,6,2,2,2024-02-10,ASIGNADA
503,58,1,2,1,1,2024-02-05,NO_ELEGIBLE
504,58,1,8,1,3,2024-02-06,ASIGNADA
505,32,1,5,1,2,2024-02-05,ASIGNADA
506,32,1,6,2,1,2024-02-09,ASIGNADA
507,32,1,4,2,1,2024-02-04,ASIGNADA
508,32,1,7,1,3,2024-02-06,ASIGNADA
509,96,1,4,1,2,2024-02-01,ASIGNADA
510,96,1,5,3,1,2024-02-11,DESISTIDA
511,96,1,2,2,2,2024-02-08,ASIGNADA
512,96,1,9,1,2,2024-02-07,ASIGNADA
513,104,1,7,3,2,2024-02-02,DESISTIDA
514,104,1,9,2,1,2024-02-02,ASIGNADA
515,104,1,5,1,1,2024-02-05,SIN_CUPO
516,104,1,4,1,3,2024-02-08,ASIGNADA
517,207,1,7,2,1,2024-02-04,ASIGNADA
518,207,1,9,1,1,2024-02-10,SIN_CUPO
519,207,1,8,1,1,2024-02-06,SIN_CUPO
520,207,1,4,1,1,2024-02-07,SIN_CUPO
521,106,1,3,1,2,2024-02-07,ASIGNADA
522,106,1,8,3,1,2024-02-03,ASIGNADA
523,106,1,7,2,1,2024-02-04,ASIGNADA
524,106,1,9,1,1,2024-02-11,SIN_CUPO
525,2,1,9,2,1,2024-02-06,ASIGNADA
526,2,1,5,1,1,2024-02-05,SIN_CUPO
527,2,1,2,1,1,2024-02-05,SIN_CUPO
528,2,1,6,1,1,2024-02-07,SIN_CUPO
529,233,1,4,1,2,2024-02-01,ASIGNADA
530,233,1,8,2,1,2024-02-10,ASIGNADA
531,233,1,2,1,2,2024-02-06,ASIGNADA
532,233,1,1,1,1,2024-02-09,SIN_CUPO
533,162,1,9,1,1,2024-02-01,SIN_CUPO
534,162,1,4,1,1,2024-02-11,SIN_CUPO
535,162,1,7,1,1,2024-02-06,SIN_CUPO
536,162,1,2,1,1,2024-02-11,SIN_CUPO
537,230,1,4,2,1,2024-02-02,ASIGNADA
538,230,1,6,2,2,2024-02-01,ASIGNADA
539,230,1,8,2,3,2024-02-05,ASIGNADA
540,230,1,2,1,2,2024-02-06,ASIGNADA
541,48,1,2,2,1,2024-02-09,ASIGNADA
542,48,1,5,2,1,2024-02-05,ASIGNADA
543,48,1,8,1,1,2024-02-10,SIN_CUPO
544,48,1,9,1,2,2024-02-02,ASIGNADA
545,1,1,3,1,1,2024-02-07,SIN_CUPO
546,1,1,5,1,2,2024-02-01,NO_ELEGIBLE
547,1,1,1,3,3,2024-02-02,ASIGNADA
548,1,1,6,1,1,2024-02-03,SIN_CUPO
549,144,1,8,2,1,2024-02-07,ASIGNADA
550,144,1,4,2,1,2024-02-08,ASIGNADA
551,144,1,5,1,2,2024-02-03,ASIGNADA
552,144,1,6,1,2,2024-02-01,ASIGNADA
553,183,1,4,1,2,2024-02-11,ASIGNADA
554,183,1,2,3,1,2024-02-04,ASIGNADA
555,183,1,9,3,1,2024-02-10,ASIGNADA
556,183,1,3,1,1,2024-02-11,SIN_CUPO
557,62,1,1,3,3,2024-02-09,ASIGNADA
558,62,1,7,1,3,2024-02-08,ASIGNADA
559,62,1,6,1,3,2024-02-09,ASIGNADA
560,62,1,3,3,1,2024-02-06,ASIGNADA
561,77,1,8,1,1,2024-02-08,SIN_CUPO
562,77,1,9,1,2,2024-02-04,ASIGNADA
563,77,1,1,1,1,2024-02-02,SIN_CUPO
564,77,1,3,1,2,2024-02-01,ASIGNADA
565,189,1,9,1,1,2024-02-03,SIN_CUPO
566,189,1,6,1,2,2024-02-07,ASIGNADA
567,189,1,2,2,1,2024-02-04,ASIGNADA
568,189,1,7,2,2,2024-02-02,ASIGNADA
569,132,1,9,1,3,2024-02-04,ASIGNADA
570,132,1,1,1,2,2024-02-03,ASIGNADA
571,132,1,5,1,2,2024-02-07,ASIGNADA
572,132,1,7,2,2,2024-02-02,ASIGNADA
573,114,1,8,2,3,2024-02-01,ASIGNADA
574,114,1,5,1,3,2024-02-06,ASIGNADA
575,114,1,3,3,2,2024-02-04,ASIGNADA
576,114,1,6,1,1,2024-02-08,SIN_CUPO
577,155,1,6,1,1,2024-02-11,SIN_CUPO
578,155,1,9,2,2,2024-02-01,NO_ELEGIBLE
579,155,1,4,1,3,2024-02-07,ASIGNADA
580,155,1,1,3,2,2024-02-07,ASIGNADA
581,73,1,6,1,3,2024-02-11,ASIGNADA
582,73,1,1,3,1,2024-02-04,ASIGNADA
583,73,1,8,2,1,2024-02-09,ASIGNADA
584,73,1,9,1,3,2024-02-07,ASIGNADA
585,232,1,6,1,1,2024-02-10,SIN_CUPO
586,232,1,8,1,2,2024-02-03,ASIGNADA
587,232,1,5,1,1,2024-02-02,SIN_CUPO
588,232,1,1,1,2,2024-02-04,ASIGNADA
589,228,1,2,1,1,2024-02-09,SIN_CUPO
590,228,1,4,2,3,2024-02-10,ASIGNADA
591,228,1,5,1,2,2024-02-03,ASIGNADA
592,228,1,1,1,2,2024-02-05,ASIGNADA
593,213,1,4,1,1,2024-02-03,SIN_CUPO
594,213,1,3,1,1,2024-02-06,SIN_CUPO
595,213,1,1,2,1,2024-02-09,ASIGNADA
596,213,1,7,1,1,2024-02-11,SIN_CUPO
597,107,1,6,1,1,2024-02-07,SIN_CUPO
598,107,1,5,2,3,2024-02-02,ASIGNADA
599,107,1,3,1,3,2024-02-07,ASIGNADA
600,107,1,1,3,2,2024-02-08,NO_ELEGIBLE
601,222,1,6,2,2,2024-02-09,ASIGNADA
602,222,1,7,1,3,2024-02-05,ASIGNADA
603,222,1,9,2,3,2024-02-08,ASIGNADA
604,222,1,2,1,2,2024-02-09,ASIGNADA
605,75,1,4,1,3,2024-02-07,ASIGNADA
606,75,1,3,1,2,2024-02-03,ASIGNADA
607,75,1,2,1,1,2024-02-07,SIN_CUPO
608,75,1,7,1,1,2024-02-02,SIN_CUPO
609,52,1,5,1,2,2024-02-10,ASIGNADA
610,52,1,1,2,2,2024-02-09,ASIGNADA
611,52,1,3,2,1,2024-02-05,ASIGNADA
612,52,1,2,1,1,2024-02-09,SIN_CUPO
613,157,1,5,3,2,2024-02-10,ASIGNADA
614,157,1,2,2,1,2024-02-03,ASIGNADA
615,157,1,9,2,1,2024-02-09,ASIGNADA
616,157,1,1,1,2,2024-02-02,ASIGNADA
617,208,1,9,1,1,2024-02-11,SIN_CUPO
618,208,1,6,1,1,2024-02-03,SIN_CUPO
619,208,1,1,2,2,2024-02-02,ASIGNADA
620,208,1,5,1,2,2024-02-02,ASIGNADA
621,25,1,6,1,1,2024-02-06,SIN_CUPO
622,25,1,1,3,1,2024-02-02,ASIGNADA
623,25,1,3,1,2,2024-02-09,ASIGNADA
624,25,1,4,3,1,2024-02-03,ASIGNADA
625,72,1,9,1,1,2024-02-09,SIN_CUPO
626,72,1,3,2,2,2024-02-02,ASIGNADA
627,72,1,4,1,3,2024-02-02,ASIGNADA
628,72,1,2,1,1,2024-02-07,SIN_CUPO
629,129,1,2,2,1,2024-02-11,DESISTIDA
630,129,1,9,1,1,2024-02-05,DESISTIDA
631,129,1,4,1,1,2024-02-11,SIN_CUPO
632,129,1,6,1,3,2024-02-10,ASIGNADA
633,236,1,8,1,2,2024-02-02,ASIGNADA
634,236,1,7,2,1,2024-02-05,ASIGNADA
635,236,1,2,3,1,2024-02-10,ASIGNADA
636,236,1,6,1,1,2024-02-04,SIN_CUPO
637,11,1,1,1,1,2024-02-08,SIN_CUPO
638,11,1,9,3,2,2024-02-09,ASIGNADA
639,11,1,5,1,3,2024-02-03,ASIGNADA
640,11,1,2,2,1,2024-02-07,ASIGNADA
641,94,1,2,2,2,2024-02-10,ASIGNADA
642,94,1,8,1,1,2024-02-04,SIN_CUPO
643,94,1,5,3,1,2024-02-04,ASIGNADA
644,94,1,3,1,3,2024-02-04,ASIGNADA
645,46,1,1,1,1,2024-02-03,SIN_CUPO
646,46,1,3,1,1,2024-02-10,SIN_CUPO
647,46,1,5,1,1,2024-02-09,SIN_CUPO
648,46,1,2,1,2,2024-02-10,DESISTIDA
649,31,1,5,1,2,2024-02-09,ASIGNADA
650,31,1,7,2,1,2024-02-08,ASIGNADA
651,31,1,3,2,1,2024-02-10,ASIGNADA
652,31,1,1,3,3,2024-02-09,ASIGNADA
653,110,1,9,1,1,2024-02-09,SIN_CUPO
654,110,1,5,3,3,2024-02-11,DESISTIDA
655,110,1,7,2,1,2024-02-03,ASIGNADA
656,110,1,3,3,1,2024-02-03,ASIGNADA
657,197,1,1,2,1,2024-02-04,ASIGNADA
658,197,1,2,1,3,2024-02-05,ASIGNADA
659,197,1,3,3,1,2024-02-03,ASIGNADA
660,197,1,6,2,1,2024-02-09,ASIGNADA
661,66,1,1,1,3,2024-02-11,DESISTIDA
662,66,1,6,1,3,2024-02-01,NO_ELEGIBLE
663,66,1,7,2,1,2024-02-11,ASIGNADA
664,66,1,5,2,1,2024-02-07,ASIGNADA
665,21,1,2,1,1,2024-02-02,SIN_CUPO
666,21,1,9,1,2,2024-02-08,ASIGNADA
667,21,1,1,1,2,2024-02-09,ASIGNADA
668,21,1,6,1,1,2024-02-05,DESISTIDA
669,146,1,2,1,2,2024-02-02,SIN_CUPO
670,146,1,4,1,1,2024-02-08,SIN_CUPO
671,146,1,9,2,1,2024-02-08,NO_ELEGIBLE
672,146,1,6,1,1,2024-02-05,SIN_CUPO
673,55,1,2,1,3,2024-02-06,ASIGNADA
674,55,1,5,1,2,2024-02-02,ASIGNADA
675,55,1,3,1,1,2024-02-06,SIN_CUPO
676,55,1,6,1,2,2024-02-08,NO_ELEGIBLE
677,214,1,2,3,2,2024-02-06,ASIGNADA
678,214,1,6,1,3,2024-02-09,ASIGNADA
679,214,1,4,1,2,2024-02-04,ASIGNADA
680,214,1,1,2,2,2024-02-02,ASIGNADA
681,231,1,5,1,2,2024-02-02,ASIGNADA
682,231,1,9,2,2,2024-02-04,ASIGNADA
683,231,1,4,2,1,2024-02-01,ASIGNADA
684,231,1,6,1,1,2024-02-04,SIN_CUPO
685,43,1,2,1,2,2024-02-10,SIN_CUPO
686,43,1,1,1,3,2024-02-05,ASIGNADA
687,43,1,6,1,3,2024-02-05,ASIGNADA
688,43,1,9,3,2,2024-02-04,ASIGNADA
689,199,1,8,2,1,2024-02-01,SIN_CUPO
690,199,1,1,1,2,2024-02-07,ASIGNADA
691,199,1,9,2,1,2024-02-06,ASIGNADA
692,199,1,3,1,1,2024-02-06,NO_ELEGIBLE
693,79,1,1,3,3,2024-02-07,ASIGNADA
694,79,1,8,1,1,2024-02-06,SIN_CUPO
695,79,1,3,2,1,2024-02-10,ASIGNADA
696,79,1,4,1,1,2024-02-09,SIN_CUPO
697,234,1,5,1,1,2024-02-03,SIN_CUPO
698,234,1,3,3,3,2024-02-07,ASIGNADA
699,234,1,2,1,1,2024-02-09,SIN_CUPO
700,234,1,6,1,1,2024-02-10,SIN_CUPO
701,78,1,3,2,1,2024-02-04,ASIGNADA
702,78,1,5,1,1,2024-02-08,NO_ELEGIBLE
703,78,1,6,1,3,2024-02-07,SIN_CUPO
704,78,1,7,1,1,2024-02-09,NO_ELEGIBLE
705,136,1,2,2,1,2024-02-10,ASIGNADA
706,136,1,9,3,1,2024-02-06,ASIGNADA
707,136,1,1,3,1,2024-02-09,ASIGNADA
708,136,1,4,1,2,2024-02-05,ASIGNADA
709,176,1,3,1,1,2024-02-05,SIN_CUPO
710,176,1,6,2,2,2024-02-01,ASIGNADA
711,176,1,1,1,3,2024-02-04,ASIGNADA
712,176,1,9,1,2,2024-02-03,ASIGNADA
713,221,1,8,1,2,2024-02-10,ASIGNADA
714,221,1,7,1,1,2024-02-04,SIN_CUPO
715,221,1,2,1,1,2024-02-10,SIN_CUPO
716,221,1,9,1,1,2024-02-01,SIN_CUPO
717,3,1,7,1,1,2024-02-10,SIN_CUPO
718,3,1,8,2,1,2024-02-07,SIN_CUPO
719,3,1,5,1,1,2024-02-05,SIN_CUPO
720,3,1,6,1,1,2024-02-08,SIN_CUPO
721,84,1,3,1,1,2024-02-08,SIN_CUPO
722,84,1,6,2,1,2024-02-03,ASIGNADA
723,84,1,5,1,1,2024-02-09,SIN_CUPO
724,84,1,2,1,1,2024-02-08,SIN_CUPO
725,27,1,9,1,2,2024-02-03,ASIGNADA
726,27,1,7,2,1,2024-02-10,ASIGNADA
727,27,1,6,3,3,2024-02-02,ASIGNADA
728,27,1,1,3,2,2024-02-11,ASIGNADA
729,203,1,3,2,1,2024-02-08,ASIGNADA
730,203,1,7,1,1,2024-02-04,SIN_CUPO
731,203,1,8,2,1,2024-02-04,SIN_CUPO
732,203,1,9,2,2,2024-02-03,ASIGNADA
733,100,1,3,2,1,2024-02-08,ASIGNADA
734,100,1,8,1,1,2024-02-11,SIN_CUPO
735,100,1,6,1,1,2024-02-10,SIN_CUPO
736,100,1,1,1,1,2024-02-04,SIN_CUPO
737,210,1,7,1,3,2024-02-08,ASIGNADA
738,210,1,9,1,1,2024-02-01,SIN_CUPO
739,210,1,3,2,2,2024-02-07,ASIGNADA
740,210,1,1,2,1,2024-02-07,ASIGNADA
741,120,1,8,2,1,2024-02-05,SIN_CUPO
742,120,1,1,3,1,2024-02-05,ASIGNADA
743,120,1,7,1,2,2024-02-10,SIN_CUPO
744,120,1,9,2,2,2024-02-05,ASIGNADA
745,42,1,7,1,1,2024-02-09,SIN_CUPO
746,42,1,9,1,2,2024-02-10,ASIGNADA
747,42,1,6,1,1,2024-02-11,SIN_CUPO
748,42,1,1,3,1,2024-02-05,SIN_CUPO
749,82,1,7,3,1,2024-02-08,ASIGNADA
750,82,1,8,2,1,2024-02-08,SIN_CUPO
751,82,1,2,1,1,2024-02-11,SIN_CUPO
752,82,1,4,2,1,2024-02-03,ASIGNADA
753,148,1,9,1,1,2024-02-07,SIN_CUPO
754,148,1,4,2,2,2024-02-10,ASIGNADA
755,148,1,2,1,3,2024-02-07,ASIGNADA
756,148,1,8,1,1,2024-02-01,SIN_CUPO
757,181,1,5,1,1,2024-02-11,SIN_CUPO
758,181,1,8,3,1,2024-02-04,ASIGNADA
759,181,1,9,1,3,2024-02-07,ASIGNADA
760,181,1,3,3,2,2024-02-11,NO_ELEGIBLE
761,30,1,9,1,1,2024-02-08,SIN_CUPO
762,30,1,6,1,1,2024-02-04,SIN_CUPO
763,30,1,4,1,1,2024-02-02,SIN_CUPO
764,30,1,2,1,1,2024-02-04,SIN_CUPO
765,167,1,9,1,3,2024-02-10,ASIGNADA
766,167,1,6,1,1,2024-02-02,SIN_CUPO
767,167,1,8,1,2,2024-02-08,ASIGNADA
768,167,1,5,2,1,2024-02-05,ASIGNADA
769,57,1,7,1,1,2024-02-04,DESISTIDA
770,57,1,5,2,1,2024-02-05,ASIGNADA
771,57,1,4,1,1,2024-02-01,SIN_CUPO
772,57,1,1,2,2,2024-02-03,ASIGNADA
773,206,1,7,1,2,2024-02-11,SIN_CUPO
774,206,1,4,2,1,2024-02-07,NO_ELEGIBLE
775,206,1,2,3,1,2024-02-08,ASIGNADA
776,206,1,5,3,3,2024-02-11,ASIGNADA
777,190,1,2,1,1,2024-02-07,SIN_CUPO
778,190,1,3,1,3,2024-02-03,ASIGNADA
779,190,1,7,1,1,2024-02-04,SIN_CUPO
780,190,1,1,1,2,2024-02-05,ASIGNADA
781,13,1,8,2,1,2024-02-04,SIN_CUPO
782,13,1,9,1,2,2024-02-04,SIN_CUPO
783,13,1,2,2,2,2024-02-11,ASIGNADA
784,13,1,6,1,1,2024-02-05,SIN_CUPO
785,158,1,9,1,1,2024-02-10,SIN_CUPO
786,158,1,7,1,2,2024-02-10,SIN_CUPO
787,158,1,3,2,1,2024-02-06,ASIGNADA
788,158,1,6,1,3,2024-02-11,SIN_CUPO
789,182,1,7,1,1,2024-02-06,SIN_CUPO
790,182,1,4,1,1,2024-02-03,SIN_CUPO
791,182,1,2,1,1,2024-02-06,SIN_CUPO
792,182,1,3,1,1,2024-02-10,SIN_CUPO
793,61,1,2,1,1,2024-02-10,SIN_CUPO
794,61,1,4,2,2,2024-02-09,ASIGNADA
795,61,1,7,1,2,2024-02-03,SIN_CUPO
796,61,1,3,2,2,2024-02-10,ASIGNADA
797,217,1,4,3,3,2024-02-01,ASIGNADA
798,217,1,5,2,1,2024-02-11,ASIGNADA
799,217,1,9,1,1,2024-02-06,SIN_CUPO
800,217,1,2,1,1,2024-02-01,SIN_CUPO
801,26,1,7,1,2,2024-02-06,SIN_CUPO
802,26,1,6,1,1,2024-02-07,SIN_CUPO
803,26,1,2,1,1,2024-02-11,SIN_CUPO
804,26,1,8,1,2,2024-02-04,ASIGNADA
805,225,1,1,2,1,2024-02-07,SIN_CUPO
806,225,1,8,2,1,2024-02-02,SIN_CUPO
807,225,1,7,2,3,2024-02-01,ASIGNADA
808,225,1,5,1,2,2024-02-07,ASIGNADA
809,149,1,7,1,1,2024-02-03,SIN_CUPO
810,149,1,3,1,3,2024-02-07,SIN_CUPO
811,149,1,9,1,2,2024-02-03,SIN_CUPO
812,149,1,2,1,1,2024-02-10,SIN_CUPO
813,17,1,9,2,1,2024-02-08,ASIGNADA
814,17,1,6,3,2,2024-02-10,ASIGNADA
815,17,1,4,1,2,2024-02-07,ASIGNADA
816,17,1,5,1,3,2024-02-07,NO_ELEGIBLE
817,116,1,8,1,1,2024-02-04,SIN_CUPO
818,116,1,6,3,1,2024-02-07,ASIGNADA
819,116,1,5,1,1,2024-02-05,SIN_CUPO
820,116,1,7,2,2,2024-02-03,ASIGNADA
821,71,1,1,3,3,2024-02-08,ASIGNADA
822,71,1,4,1,1,2024-02-06,SIN_CUPO
823,71,1,3,3,1,2024-02-11,NO_ELEGIBLE
824,71,1,7,1,2,2024-02-07,SIN_CUPO
825,200,1,4,1,1,2024-02-02,SIN_CUPO
826,200,1,1,2,1,2024-02-07,SIN_CUPO
827,200,1,2,1,1,2024-02-04,SIN_CUPO
828,200,1,9,2,1,2024-02-10,ASIGNADA
829,127,1,6,1,1,2024-02-03,SIN_CUPO
830,127,1,9,2,1,2024-02-02,ASIGNADA
831,127,1,7,1,3,2024-02-02,ASIGNADA
832,127,1,5,2,1,2024-02-06,ASIGNADA
833,180,1,1,1,2,2024-02-03,ASIGNADA
834,180,1,2,2,2,2024-02-01,ASIGNADA
835,180,1,6,1,1,2024-02-03,SIN_CUPO
836,180,1,8,2,2,2024-02-04,ASIGNADA
837,138,1,6,1,1,2024-02-02,SIN_CUPO
838,138,1,9,1,3,2024-02-03,ASIGNADA
839,138,1,4,2,1,2024-02-02,ASIGNADA
840,138,1,2,1,1,2024-02-08,SIN_CUPO
841,204,1,8,3,1,2024-02-10,ASIGNADA
842,204,1,2,1,2,2024-02-10,SIN_CUPO
843,204,1,7,1,2,2024-02-07,SIN_CUPO
844,204,1,5,3,2,2024-02-01,ASIGNADA
845,215,1,4,1,2,2024-02-07,SIN_CUPO
846,215,1,6,1,2,2024-02-08,ASIGNADA
847,215,1,2,2,1,2024-02-02,ASIGNADA
848,215,1,8,3,1,2024-02-08,ASIGNADA
849,121,1,3,2,3,2024-02-02,ASIGNADA
850,121,1,7,1,1,2024-02-02,SIN_CUPO
851,121,1,1,1,1,2024-02-11,DESISTIDA
852,121,1,8,1,1,2024-02-02,SIN_CUPO
853,47,1,5,1,3,2024-02-03,NO_ELEGIBLE
854,47,1,8,2,3,2024-02-03,ASIGNADA
855,47,1,1,1,3,2024-02-10,ASIGNADA
856,47,1,3,3,2,2024-02-10,ASIGNADA
857,126,1,6,1,3,2024-02-08,SIN_CUPO
858,126,1,3,1,1,2024-02-04,SIN_CUPO
859,126,1,9,1,1,2024-02-10,SIN_CUPO
860,126,1,8,2,1,2024-02-08,SIN_CUPO
861,185,1,4,2,1,2024-02-06,ASIGNADA
862,185,1,1,1,1,2024-02-09,SIN_CUPO
863,185,1,2,1,1,2024-02-06,SIN_CUPO
864,185,1,7,3,2,2024-02-10,ASIGNADA
865,186,1,9,1,1,2024-02-02,SIN_CUPO
866,186,1,6,1,1,2024-02-05,NO_ELEGIBLE
867,186,1,7,2,2,2024-02-07,ASIGNADA
868,186,1,8,1,1,2024-02-09,SIN_CUPO
869,102,1,2,2,1,2024-02-11,ASIGNADA
870,102,1,3,3,1,2024-02-03,ASIGNADA
871,102,1,5,1,2,2024-02-06,ASIGNADA
872,102,1,7,2,1,2024-02-11,ASIGNADA
873,172,1,9,1,2,2024-02-09,NO_ELEGIBLE
874,172,1,5,1,2,2024-02-10,NO_ELEGIBLE
875,172,1,2,2,1,2024-02-06,ASIGNADA
876,172,1,4,2,1,2024-02-03,ASIGNADA
877,36,1,7,1,2,2024-02-06,SIN_CUPO
878,36,1,4,2,1,2024-02-10,ASIGNADA
879,36,1,1,2,2,2024-02-10,ASIGNADA
880,36,1,2,1,2,2024-02-11,SIN_CUPO
881,188,1,7,1,2,2024-02-07,SIN_CUPO
882,188,1,1,3,1,2024-02-07,SIN_CUPO
883,188,1,9,1,1,2024-02-07,SIN_CUPO
884,188,1,8,1,1,2024-02-09,SIN_CUPO
885,76,1,9,1,1,2024-02-08,SIN_CUPO
886,76,1,8,1,3,2024-02-05,ASIGNADA
887,76,1,4,1,1,2024-02-02,SIN_CUPO
888,76,1,7,1,1,2024-02-11,SIN_CUPO
889,51,1,3,1,1,2024-02-06,SIN_CUPO
890,51,1,4,3,1,2024-02-08,ASIGNADA
891,51,1,6,1,3,2024-02-11,SIN_CUPO
892,51,1,7,2,2,2024-02-09,ASIGNADA
893,187,1,8,1,2,2024-02-06,ASIGNADA
894,187,1,1,1,2,2024-02-02,SIN_CUPO
895,187,1,7,2,1,2024-02-09,ASIGNADA
896,187,1,4,1,1,2024-02-05,SIN_CUPO
897,53,1,2,1,2,2024-02-09,SIN_CUPO
898,53,1,7,2,3,2024-02-07,ASIGNADA
899,53,1,6,1,2,2024-02-10,ASIGNADA
900,53,1,8,2,1,2024-02-04,SIN_CUPO
901,177,1,8,1,1,2024-02-03,SIN_CUPO
902,177,1,4,2,1,2024-02-07,SIN_CUPO
903,177,1,7,1,1,2024-02-11,SIN_CUPO
904,177,1,2,1,1,2024-02-06,SIN_CUPO
905,9,1,5,3,1,2024-02-08,NO_ELEGIBLE
906,9,1,6,1,2,2024-02-06,ASIGNADA
907,9,1,2,2,1,2024-02-10,SIN_CUPO
908,9,1,8,2,1,2024-02-01,NO_ELEGIBLE
909,41,1,8,1,1,2024-02-11,NO_ELEGIBLE
910,41,1,1,2,2,2024-02-02,ASIGNADA
911,41,1,2,1,1,2024-02-04,SIN_CUPO
912,41,1,9,1,1,2024-02-11,SIN_CUPO
913,10,1,2,2,1,2024-02-02,SIN_CUPO
914,10,1,8,1,2,2024-02-10,SIN_CUPO
915,10,1,1,3,1,2024-02-07,SIN_CUPO
916,10,1,4,1,1,2024-02-08,SIN_CUPO
917,238,1,5,1,1,2024-02-05,SIN_CUPO
918,238,1,7,1,1,2024-02-07,SIN_CUPO
919,238,1,3,1,2,2024-02-04,ASIGNADA
920,238,1,6,2,1,2024-02-03,ASIGNADA
921,87,1,1,1,2,2024-02-04,SIN_CUPO
922,87,1,4,1,1,2024-02-04,SIN_CUPO
923,87,1,7,1,1,2024-02-10,SIN_CUPO
924,87,1,5,1,1,2024-02-06,SIN_CUPO
925,212,1,3,2,2,2024-02-08,ASIGNADA
926,212,1,9,1,2,2024-02-08,SIN_CUPO
927,212,1,1,1,2,2024-02-08,NO_ELEGIBLE
928,212,1,8,3,1,2024-02-02,ASIGNADA
929,19,1,7,2,3,2024-02-10,ASIGNADA
930,19,1,6,2,3,2024-02-01,ASIGNADA
931,19,1,9,1,3,2024-02-03,ASIGNADA
932,19,1,2,1,1,2024-02-07,DESISTIDA
933,239,1,5,2,1,2024-02-01,ASIGNADA
934,239,1,2,1,1,2024-02-11,SIN_CUPO
935,239,1,6,1,1,2024-02-05,DESISTIDA
936,239,1,7,1,1,2024-02-08,SIN_CUPO
937,86,1,1,3,2,2024-02-07,ASIGNADA
938,86,1,2,1,2,2024-02-11,SIN_CUPO
939,86,1,9,1,1,2024-02-06,SIN_CUPO
940,86,1,5,1,3,2024-02-04,ASIGNADA
941,33,1,7,2,2,2024-02-07,ASIGNADA
942,33,1,2,1,1,2024-02-01,SIN_CUPO
943,33,1,1,2,3,2024-02-09,NO_ELEGIBLE
944,33,1,9,2,3,2024-02-02,ASIGNADA
945,193,1,6,1,1,2024-02-05,SIN_CUPO
946,193,1,2,1,3,2024-02-06,ASIGNADA
947,193,1,7,2,1,2024-02-06,ASIGNADA
948,193,1,3,1,1,2024-02-11,NO_ELEGIBLE
949,173,1,4,1,2,2024-02-10,SIN_CUPO
950,173,1,5,2,2,2024-02-05,ASIGNADA
951,173,1,9,1,1,2024-02-05,SIN_CUPO
952,173,1,6,2,1,2024-02-08,ASIGNADA
953,131,1,9,3,2,2024-02-01,ASIGNADA
954,131,1,4,3,1,2024-02-05,ASIGNADA
955,131,1,7,1,1,2024-02-08,SIN_CUPO
956,131,1,1,1,1,2024-02-09,SIN_CUPO
957,142,1,2,2,2,2024-02-10,ASIGNADA
958,142,1,8,2,1,2024-02-07,SIN_CUPO
959,142,1,3,1,1,2024-02-11,SIN_CUPO
960,142,1,1,3,1,2024-02-04,NO_ELEGIBLE
961,228,2,4,3,1,2024-07-09,ASIGNADA
962,228,2,2,1,1,2024-07-06,ASIGNADA
963,228,2,9,2,2,2024-07-02,ASIGNADA
964,228,2,5,1,3,2024-07-05,ASIGNADA
965,233,2,2,3,1,2024-07-01,ASIGNADA
966,233,2,8,2,2,2024-07-02,ASIGNADA
967,233,2,1,1,1,2024-07-11,ASIGNADA
968,233,2,6,2,2,2024-07-11,ASIGNADA
969,198,2,6,1,3,2024-07-10,ASIGNADA
970,198,2,2,3,3,2024-07-09,DESISTIDA
971,198,2,9,1,2,2024-07-03,ASIGNADA
972,198,2,5,1,1,2024-07-05,ASIGNADA
973,5,2,6,1,1,2024-07-05,ASIGNADA
974,5,2,2,1,1,2024-07-11,ASIGNADA
975,5,2,1,1,1,2024-07-09,NO_ELEGIBLE
976,5,2,3,1,1,2024-07-05,ASIGNADA
977,37,2,7,3,1,2024-07-10,ASIGNADA
978,37,2,5,3,1,2024-07-09,ASIGNADA
979,37,2,3,1,3,2024-07-05,NO_ELEGIBLE
980,37,2,4,1,1,2024-07-11,ASIGNADA
981,201,2,6,3,2,2024-07-04,ASIGNADA
982,201,2,2,1,2,2024-07-10,ASIGNADA
983,201,2,5,1,1,2024-07-10,ASIGNADA
984,201,2,3,2,1,2024-07-10,ASIGNADA
985,136,2,5,3,3,2024-07-06,ASIGNADA
986,136,2,7,1,2,2024-07-04,ASIGNADA
987,136,2,3,2,1,2024-07-06,ASIGNADA
988,136,2,9,2,1,2024-07-08,ASIGNADA
989,206,2,3,2,3,2024-07-05,ASIGNADA
990,206,2,2,1,1,2024-07-10,ASIGNADA
991,206,2,7,2,2,2024-07-07,NO_ELEGIBLE
992,206,2,9,1,2,2024-07-05,ASIGNADA
993,96,2,5,1,2,2024-07-04,ASIGNADA
994,96,2,4,2,1,2024-07-01,ASIGNADA
995,96,2,8,1,1,2024-07-01,ASIGNADA
996,96,2,6,1,1,2024-07-07,ASIGNADA
997,158,2,9,3,2,2024-07-08,ASIGNADA
998,158,2,8,1,1,2024-07-03,ASIGNADA
999,158,2,7,3,1,2024-07-04,ASIGNADA
1000,158,2,3,1,1,2024-07-02,ASIGNADA
1001,230,2,5,2,2,2024-07-10,NO_ELEGIBLE
1002,230,2,8,3,1,2024-07-03,ASIGNADA
1003,230,2,4,2,2,2024-07-07,ASIGNADA
1004,230,2,7,1,2,2024-07-11,ASIGNADA
1005,156,2,8,1,3,2024-07-07,NO_ELEGIBLE
1006,156,2,1,1,2,2024-07-09,ASIGNADA
1007,156,2,6,1,1,2024-07-04,ASIGNADA
1008,156,2,9,3,1,2024-07-05,ASIGNADA
1009,67,2,8,1,2,2024-07-09,ASIGNADA
1010,67,2,5,1,1,2024-07-02,ASIGNADA
1011,67,2,3,2,1,2024-07-03,ASIGNADA
1012,67,2,4,1,1,2024-07-05,ASIGNADA
1013,32,2,3,2,1,2024-07-06,ASIGNADA
1014,32,2,1,2,1,2024-07-03,ASIGNADA
1015,32,2,8,1,1,2024-07-01,ASIGNADA
1016,32,2,7,3,2,2024-07-08,ASIGNADA
1017,40,2,2,1,1,2024-07-01,ASIGNADA
1018,40,2,3,1,2,2024-07-09,ASIGNADA
1019,40,2,4,1,1,2024-07-03,ASIGNADA
1020,40,2,1,1,1,2024-07-01,ASIGNADA
1021,46,2,3,2,3,2024-07-02,ASIGNADA
1022,46,2,1,1,2,2024-07-07,ASIGNADA
1023,46,2,2,2,1,2024-07-11,ASIGNADA
1024,46,2,9,1,1,2024-07-04,NO_ELEGIBLE
1025,121,2,6,2,1,2024-07-08,DESISTIDA
1026,121,2,9,1,1,2024-07-05,ASIGNADA
1027,121,2,8,2,2,2024-07-01,ASIGNADA
1028,121,2,3,1,1,2024-07-11,ASIGNADA
1029,20,2,9,2,2,2024-07-03,ASIGNADA
1030,20,2,5,2,2,2024-07-11,ASIGNADA
1031,20,2,3,1,2,2024-07-05,ASIGNADA
1032,20,2,6,2,1,2024-07-10,ASIGNADA
1033,66,2,1,1,1,2024-07-02,ASIGNADA
1034,66,2,5,2,1,2024-07-10,ASIGNADA
1035,66,2,7,1,1,2024-07-08,DESISTIDA
1036,66,2,6,1,2,2024-07-03,ASIGNADA
1037,225,2,5,1,1,2024-07-04,ASIGNADA
1038,225,2,4,2,2,2024-07-05,ASIGNADA
1039,225,2,3,1,2,2024-07-01,ASIGNADA
1040,225,2,9,2,1,2024-07-04,ASIGNADA
1041,195,2,1,1,1,2024-07-02,ASIGNADA
1042,195,2,6,1,2,2024-07-08,ASIGNADA
1043,195,2,4,1,2,2024-07-09,ASIGNADA
1044,195,2,3,1,2,2024-07-04,ASIGNADA
1045,234,2,3,1,1,2024-07-10,ASIGNADA
1046,234,2,6,1,1,2024-07-03,ASIGNADA
1047,234,2,7,3,3,2024-07-03,ASIGNADA
1048,234,2,5,2,1,2024-07-06,ASIGNADA
1049,205,2,6,1,1,2024-07-03,DESISTIDA
1050,205,2,8,2,2,2024-07-05,ASIGNADA
1051,205,2,7,3,1,2024-07-04,ASIGNADA
1052,205,2,5,1,1,2024-07-02,DESISTIDA
1053,171,2,7,1,1,2024-07-02,NO_ELEGIBLE
1054,171,2,3,2,1,2024-07-10,ASIGNADA
1055,171,2,5,1,3,2024-07-05,ASIGNADA
1056,171,2,8,1,1,2024-07-07,ASIGNADA
1057,8,2,4,1,2,2024-07-09,ASIGNADA
1058,8,2,3,1,1,2024-07-04,ASIGNADA
1059,8,2,8,3,3,2024-07-09,ASIGNADA
1060,8,2,2,1,1,2024-07-01,ASIGNADA
1061,178,2,9,3,2,2024-07-10,ASIGNADA
1062,178,2,4,1,3,2024-07-11,ASIGNADA
1063,178,2,7,1,1,2024-07-06,ASIGNADA
1064,178,2,6,1,1,2024-07-01,NO_ELEGIBLE
1065,60,2,2,1,1,2024-07-03,SIN_CUPO
1066,60,2,7,1,3,2024-07-09,ASIGNADA
1067,60,2,9,1,2,2024-07-04,ASIGNADA
1068,60,2,6,1,2,2024-07-11,ASIGNADA
1069,114,2,2,2,1,2024-07-02,ASIGNADA
1070,114,2,6,1,2,2024-07-06,ASIGNADA
1071,114,2,8,2,1,2024-07-01,ASIGNADA
1072,114,2,5,2,2,2024-07-10,ASIGNADA
1073,98,2,9,1,2,2024-07-01,ASIGNADA
1074,98,2,3,1,1,2024-07-08,SIN_CUPO
1075,98,2,8,2,1,2024-07-10,ASIGNADA
1076,98,2,2,1,1,2024-07-01,SIN_CUPO
1077,197,2,6,1,3,2024-07-11,ASIGNADA
1078,197,2,7,2,1,2024-07-01,ASIGNADA
1079,197,2,9,1,1,2024-07-10,ASIGNADA
1080,197,2,5,1,2,2024-07-03,ASIGNADA
1081,203,2,3,3,1,2024-07-07,ASIGNADA
1082,203,2,2,1,2,2024-07-11,ASIGNADA
1083,203,2,6,1,2,2024-07-03,ASIGNADA
1084,203,2,8,1,1,2024-07-03,ASIGNADA
1085,77,2,4,2,1,2024-07-05,ASIGNADA
1086,77,2,1,2,1,2024-07-01,ASIGNADA
1087,77,2,9,1,1,2024-07-11,ASIGNADA
1088,77,2,3,1,1,2024-07-10,SIN_CUPO
1089,152,2,8,1,1,2024-07-05,SIN_CUPO
1090,152,2,1,1,1,2024-07-04,ASIGNADA
1091,152,2,4,1,2,2024-07-05,DESISTIDA
1092,152,2,9,1,2,2024-07-10,ASIGNADA
1093,21,2,1,3,1,2024-07-09,ASIGNADA
1094,21,2,2,1,1,2024-07-08,SIN_CUPO
1095,21,2,5,1,1,2024-07-01,ASIGNADA
1096,21,2,6,1,1,2024-07-05,ASIGNADA
1097,70,2,2,3,2,2024-07-02,ASIGNADA
1098,70,2,3,1,2,2024-07-05,ASIGNADA
1099,70,2,5,1,3,2024-07-04,ASIGNADA
1100,70,2,4,1,2,2024-07-05,ASIGNADA
1101,235,2,6,3,2,2024-07-09,ASIGNADA
1102,235,2,9,2,1,2024-07-11,ASIGNADA
1103,235,2,5,2,1,2024-07-10,ASIGNADA
1104,235,2,4,1,3,2024-07-03,ASIGNADA
1105,16,2,4,1,1,2024-07-05,ASIGNADA
1106,16,2,1,2,1,2024-07-03,ASIGNADA
1107,16,2,3,3,1,2024-07-07,ASIGNADA
1108,16,2,9,3,2,2024-07-06,ASIGNADA
1109,174,2,1,1,1,2024-07-03,SIN_CUPO
1110,174,2,7,1,1,2024-07-03,DESISTIDA
1111,174,2,4,3,2,2024-07-03,ASIGNADA
1112,174,2,9,1,2,2024-07-09,ASIGNADA
1113,159,2,5,2,1,2024-07-03,ASIGNADA
1114,159,2,7,1,3,2024-07-05,ASIGNADA
1115,159,2,6,3,1,2024-07-01,ASIGNADA
1116,159,2,4,1,1,2024-07-11,ASIGNADA
1117,196,2,2,3,1,2024-07-09,ASIGNADA
1118,196,2,5,1,1,2024-07-09,SIN_CUPO
1119,196,2,3,1,1,2024-07-08,SIN_CUPO
1120,196,2,1,2,2,2024-07-01,ASIGNADA
1121,147,2,4,2,3,2024-07-07,ASIGNADA
1122,147,2,6,2,1,2024-07-09,ASIGNADA
1123,147,2,8,1,1,2024-07-08,SIN_CUPO
1124,147,2,3,1,3,2024-07-01,ASIGNADA
1125,212,2,3,2,2,2024-07-05,ASIGNADA
1126,212,2,2,2,1,2024-07-11,NO_ELEGIBLE
1127,212,2,8,1,2,2024-07-05,ASIGNADA
1128,212,2,6,1,1,2024-07-05,SIN_CUPO
1129,83,2,3,1,3,2024-07-11,ASIGNADA
1130,83,2,7,1,1,2024-07-09,NO_ELEGIBLE
1131,83,2,9,3,1,2024-07-01,ASIGNADA
1132,83,2,4,1,1,2024-07-04,SIN_CUPO
1133,89,2,3,1,1,2024-07-09,SIN_CUPO
1134,89,2,5,1,1,2024-07-03,SIN_CUPO
1135,89,2,7,1,2,2024-07-08,ASIGNADA
1136,89,2,2,1,2,2024-07-07,NO_ELEGIBLE
1137,15,2,4,1,3,2024-07-06,ASIGNADA
1138,15,2,8,1,2,2024-07-11,ASIGNADA
1139,15,2,9,2,1,2024-07-06,ASIGNADA
1140,15,2,6,1,1,2024-07-10,DESISTIDA
1141,216,2,7,1,2,2024-07-03,ASIGNADA
1142,216,2,2,2,2,2024-07-09,ASIGNADA
1143,216,2,4,1,1,2024-07-02,NO_ELEGIBLE
1144,216,2,3,1,1,2024-07-08,SIN_CUPO
1145,1,2,1,3,2,2024-07-07,ASIGNADA
1146,1,2,9,1,1,2024-07-03,NO_ELEGIBLE
1147,1,2,5,3,1,2024-07-01,ASIGNADA
1148,1,2,3,1,1,2024-07-07,SIN_CUPO
1149,215,2,5,2,1,2024-07-04,ASIGNADA
1150,215,2,8,1,1,2024-07-06,SIN_CUPO
1151,215,2,7,3,1,2024-07-06,ASIGNADA
1152,215,2,4,3,1,2024-07-05,ASIGNADA
1153,7,2,6,3,2,2024-07-07,ASIGNADA
1154,7,2,1,1,1,2024-07-07,SIN_CUPO
1155,7,2,9,3,1,2024-07-04,ASIGNADA
1156,7,2,3,1,3,2024-07-06,ASIGNADA
1157,24,2,7,2,2,2024-07-05,ASIGNADA
1158,24,2,9,1,1,2024-07-04,ASIGNADA
1159,24,2,1,2,2,2024-07-11,ASIGNADA
1160,24,2,2,2,2,2024-07-04,ASIGNADA
1161,105,2,3,1,3,2024-07-07,ASIGNADA
1162,105,2,1,3,1,2024-07-02,ASIGNADA
1163,105,2,6,3,2,2024-07-09,ASIGNADA
1164,105,2,5,2,3,2024-07-09,ASIGNADA
1165,192,2,4,3,2,2024-07-11,ASIGNADA
1166,192,2,6,1,2,2024-07-10,ASIGNADA
1167,192,2,5,3,3,2024-07-11,ASIGNADA
1168,192,2,1,3,2,2024-07-04,ASIGNADA
1169,165,2,8,3,1,2024-07-11,ASIGNADA
1170,165,2,6,1,1,2024-07-10,SIN_CUPO
1171,165,2,9,2,2,2024-07-02,ASIGNADA
1172,165,2,2,1,1,2024-07-11,SIN_CUPO
1173,73,2,9,3,2,2024-07-10,ASIGNADA
1174,73,2,8,1,1,2024-07-03,SIN_CUPO
1175,73,2,4,1,1,2024-07-10,SIN_CUPO
1176,73,2,5,2,3,2024-07-10,ASIGNADA
1177,18,2,5,1,1,2024-07-11,SIN_CUPO
1178,18,2,7,1,1,2024-07-07,ASIGNADA
1179,18,2,9,1,1,2024-07-04,ASIGNADA
1180,18,2,1,1,1,2024-07-09,SIN_CUPO
1181,17,2,5,1,1,2024-07-05,SIN_CUPO
1182,17,2,4,1,1,2024-07-04,SIN_CUPO
1183,17,2,2,2,1,2024-07-01,ASIGNADA
1184,17,2,1,1,1,2024-07-04,SIN_CUPO
1185,193,2,6,2,3,2024-07-04,ASIGNADA
1186,193,2,1,1,1,2024-07-02,SIN_CUPO
1187,193,2,7,2,1,2024-07-10,ASIGNADA
1188,193,2,8,2,1,2024-07-03,ASIGNADA
1189,127,2,9,2,1,2024-07-05,ASIGNADA
1190,127,2,2,2,2,2024-07-11,ASIGNADA
1191,127,2,7,1,1,2024-07-11,ASIGNADA
1192,127,2,6,1,2,2024-07-02,NO_ELEGIBLE
1193,79,2,9,1,2,2024-07-02,ASIGNADA
1194,79,2,6,1,3,2024-07-02,ASIGNADA
1195,79,2,3,2,1,2024-07-09,ASIGNADA
1196,79,2,5,1,1,2024-07-03,SIN_CUPO
1197,239,2,9,3,1,2024-07-05,ASIGNADA
1198,239,2,8,1,2,2024-07-09,ASIGNADA
1199,239,2,6,1,2,2024-07-03,ASIGNADA
1200,239,2,1,3,2,2024-07-06,ASIGNADA
1201,141,2,3,1,1,2024-07-08,SIN_CUPO
1202,141,2,2,2,2,2024-07-04,ASIGNADA
1203,141,2,4,2,1,2024-07-04,ASIGNADA
1204,141,2,7,1,1,2024-07-08,ASIGNADA
1205,10,2,1,2,1,2024-07-03,ASIGNADA
1206,10,2,7,1,2,2024-07-11,ASIGNADA
1207,10,2,3,2,1,2024-07-03,DESISTIDA
1208,10,2,9,1,3,2024-07-08,ASIGNADA
1209,183,2,3,1,2,2024-07-03,ASIGNADA
1210,183,2,8,1,1,2024-07-08,SIN_CUPO
1211,183,2,7,1,1,2024-07-08,ASIGNADA
1212,183,2,6,2,3,2024-07-01,ASIGNADA
1213,130,2,7,1,3,2024-07-10,ASIGNADA
1214,130,2,2,1,1,2024-07-03,NO_ELEGIBLE
1215,130,2,8,3,2,2024-07-03,ASIGNADA
1216,130,2,3,2,1,2024-07-04,ASIGNADA
1217,221,2,7,3,1,2024-07-09,ASIGNADA
1218,221,2,8,3,2,2024-07-02,ASIGNADA
1219,221,2,4,1,2,2024-07-10,ASIGNADA
1220,221,2,5,1,1,2024-07-01,SIN_CUPO
1221,218,2,5,1,2,2024-07-07,ASIGNADA
1222,218,2,6,1,2,2024-07-09,ASIGNADA
1223,218,2,1,1,1,2024-07-07,SIN_CUPO
1224,218,2,8,3,3,2024-07-08,ASIGNADA
1225,63,2,4,2,2,2024-07-03,ASIGNADA
1226,63,2,3,1,1,2024-07-06,SIN_CUPO
1227,63,2,1,1,1,2024-07-10,SIN_CUPO
1228,63,2,6,1,1,2024-07-10,SIN_CUPO
1229,44,2,6,1,3,2024-07-11,ASIGNADA
1230,44,2,3,2,1,2024-07-03,ASIGNADA
1231,44,2,5,2,1,2024-07-05,ASIGNADA
1232,44,2,7,1,1,2024-07-11,NO_ELEGIBLE
1233,103,2,2,1,2,2024-07-07,ASIGNADA
1234,103,2,9,3,1,2024-07-06,ASIGNADA
1235,103,2,7,1,1,2024-07-08,SIN_CUPO
1236,103,2,5,2,2,2024-07-08,ASIGNADA
1237,132,2,3,1,1,2024-07-08,SIN_CUPO
1238,132,2,2,1,1,2024-07-09,SIN_CUPO
1239,132,2,4,2,1,2024-07-05,ASIGNADA
1240,132,2,6,2,3,2024-07-09,ASIGNADA
1241,87,2,7,3,3,2024-07-01,ASIGNADA
1242,87,2,1,3,2,2024-07-09,ASIGNADA
1243,87,2,8,1,2,2024-07-06,ASIGNADA
1244,87,2,5,2,2,2024-07-05,ASIGNADA
1245,111,2,3,1,1,2024-07-09,SIN_CUPO
1246,111,2,6,1,1,2024-07-09,SIN_CUPO
1247,111,2,5,3,2,2024-07-06,ASIGNADA
1248,111,2,2,1,1,2024-07-10,SIN_CUPO
1249,110,2,8,1,2,2024-07-07,ASIGNADA
1250,110,2,7,1,2,2024-07-07,ASIGNADA
1251,110,2,6,3,2,2024-07-03,ASIGNADA
1252,110,2,5,3,2,2024-07-09,ASIGNADA
1253,49,2,4,2,3,2024-07-05,ASIGNADA
1254,49,2,2,1,1,2024-07-01,SIN_CUPO
1255,49,2,8,3,2,2024-07-01,ASIGNADA
1256,49,2,5,3,2,2024-07-03,ASIGNADA
1257,129,2,8,2,3,2024-07-10,ASIGNADA
1258,129,2,5,1,1,2024-07-11,SIN_CUPO
1259,129,2,9,3,2,2024-07-04,ASIGNADA
1260,129,2,6,3,1,2024-07-04,ASIGNADA
1261,14,2,9,2,2,2024-07-06,ASIGNADA
1262,14,2,4,1,3,2024-07-03,ASIGNADA
1263,14,2,5,1,3,2024-07-06,ASIGNADA
1264,14,2,8,3,1,2024-07-11,ASIGNADA
1265,71,2,3,1,1,2024-07-04,SIN_CUPO
1266,71,2,2,1,2,2024-07-03,ASIGNADA
1267,71,2,1,1,1,2024-07-11,SIN_CUPO
1268,71,2,7,1,1,2024-07-10,DESISTIDA
1269,182,2,6,1,2,2024-07-07,ASIGNADA
1270,182,2,5,3,1,2024-07-03,ASIGNADA
1271,182,2,4,1,3,2024-07-03,ASIGNADA
1272,182,2,1,3,3,2024-07-06,ASIGNADA
1273,238,2,6,2,3,2024-07-03,ASIGNADA
1274,238,2,1,1,1,2024-07-06,SIN_CUPO
1275,238,2,2,2,3,2024-07-06,ASIGNADA
1276,238,2,9,1,1,2024-07-03,SIN_CUPO
1277,45,2,9,1,1,2024-07-11,SIN_CUPO
1278,45,2,4,1,1,2024-07-01,SIN_CUPO
1279,45,2,8,1,2,2024-07-08,ASIGNADA
1280,45,2,5,1,3,2024-07-03,ASIGNADA
1281,12,2,3,2,1,2024-07-01,ASIGNADA
1282,12,2,4,2,2,2024-07-05,ASIGNADA
1283,12,2,1,2,2,2024-07-11,DESISTIDA
1284,12,2,8,1,1,2024-07-07,SIN_CUPO
1285,211,2,4,1,3,2024-07-07,ASIGNADA
1286,211,2,3,1,2,2024-07-07,ASIGNADA
1287,211,2,5,1,3,2024-07-07,ASIGNADA
1288,211,2,6,2,3,2024-07-03,ASIGNADA
1289,104,2,8,1,2,2024-07-09,ASIGNADA
1290,104,2,1,2,2,2024-07-02,ASIGNADA
1291,104,2,7,2,1,2024-07-04,DESISTIDA
1292,104,2,9,2,1,2024-07-01,ASIGNADA
1293,112,2,5,1,1,2024-07-04,SIN_CUPO
1294,112,2,3,1,1,2024-07-01,SIN_CUPO
1295,112,2,1,1,3,2024-07-01,NO_ELEGIBLE
1296,112,2,6,1,2,2024-07-07,ASIGNADA
1297,157,2,2,1,1,2024-07-04,SIN_CUPO
1298,157,2,8,1,2,2024-07-02,ASIGNADA
1299,157,2,7,3,3,2024-07-05,ASIGNADA
1300,157,2,5,1,1,2024-07-07,SIN_CUPO
1301,149,2,1,1,1,2024-07-10,SIN_CUPO
1302,149,2,7,1,2,2024-07-06,ASIGNADA
1303,149,2,3,1,1,2024-07-08,SIN_CUPO
1304,149,2,5,1,2,2024-07-01,ASIGNADA
1305,202,2,5,2,1,2024-07-03,ASIGNADA
1306,202,2,9,1,1,2024-07-11,SIN_CUPO
1307,202,2,1,1,1,2024-07-02,SIN_CUPO
1308,202,2,8,3,1,2024-07-09,ASIGNADA
1309,88,2,8,3,2,2024-07-02,ASIGNADA
1310,88,2,1,3,2,2024-07-05,ASIGNADA
1311,88,2,7,3,1,2024-07-08,ASIGNADA
1312,88,2,2,1,1,2024-07-10,SIN_CUPO
1313,139,2,5,2,3,2024-07-09,ASIGNADA
1314,139,2,6,3,1,2024-07-08,NO_ELEGIBLE
1315,139,2,1,2,2,2024-07-03,ASIGNADA
1316,139,2,7,2,2,2024-07-10,ASIGNADA
1317,116,2,8,3,3,2024-07-09,ASIGNADA
1318,116,2,7,2,1,2024-07-05,ASIGNADA
1319,116,2,9,1,1,2024-07-05,SIN_CUPO
1320,116,2,2,3,1,2024-07-06,ASIGNADA
1321,208,2,8,1,1,2024-07-01,SIN_CUPO
1322,208,2,5,1,1,2024-07-06,SIN_CUPO
1323,208,2,4,2,1,2024-07-09,ASIGNADA
1324,208,2,3,1,1,2024-07-01,SIN_CUPO
1325,95,2,2,1,2,2024-07-02,ASIGNADA
1326,95,2,6,1,1,2024-07-10,SIN_CUPO
1327,95,2,8,1,2,2024-07-01,NO_ELEGIBLE
1328,95,2,1,3,1,2024-07-06,ASIGNADA
1329,84,2,8,1,2,2024-07-11,ASIGNADA
1330,84,2,7,1,1,2024-07-05,NO_ELEGIBLE
1331,84,2,2,2,3,2024-07-06,ASIGNADA
1332,84,2,1,1,1,2024-07-03,SIN_CUPO
1333,146,2,5,2,1,2024-07-01,NO_ELEGIBLE
1334,146,2,9,2,1,2024-07-02,ASIGNADA
1335,146,2,2,3,1,2024-07-09,ASIGNADA
1336,146,2,1,3,1,2024-07-03,ASIGNADA
1337,19,2,6,1,1,2024-07-09,SIN_CUPO
1338,19,2,4,1,1,2024-07-01,SIN_CUPO
1339,19,2,7,2,3,2024-07-03,ASIGNADA
1340,19,2,2,1,1,2024-07-03,SIN_CUPO
1341,86,2,2,2,1,2024-07-11,ASIGNADA
1342,86,2,4,2,3,2024-07-07,ASIGNADA
1343,86,2,6,3,1,2024-07-06,ASIGNADA
1344,86,2,8,1,1,2024-07-09,SIN_CUPO
1345,125,2,4,1,3,2024-07-06,ASIGNADA
1346,125,2,5,1,1,2024-07-01,SIN_CUPO
1347,125,2,3,2,3,2024-07-07,ASIGNADA
1348,125,2,9,3,1,2024-07-07,ASIGNADA
1349,188,2,1,1,1,2024-07-07,SIN_CUPO
1350,188,2,3,1,3,2024-07-08,ASIGNADA
1351,188,2,6,1,1,2024-07-08,SIN_CUPO
1352,188,2,7,1,1,2024-07-08,SIN_CUPO
1353,223,2,1,1,2,2024-07-02,DESISTIDA
1354,223,2,5,1,2,2024-07-10,ASIGNADA
1355,223,2,4,3,1,2024-07-11,ASIGNADA
1356,223,2,2,2,1,2024-07-06,DESISTIDA
1357,3,2,2,2,1,2024-07-03,NO_ELEGIBLE
1358,3,2,8,2,1,2024-07-06,ASIGNADA
1359,3,2,3,3,3,2024-07-06,ASIGNADA
1360,3,2,7,1,1,2024-07-11,SIN_CUPO
1361,78,2,7,1,1,2024-07-03,SIN_CUPO
1362,78,2,3,1,2,2024-07-11,ASIGNADA
1363,78,2,1,1,2,2024-07-06,ASIGNADA
1364,78,2,6,2,3,2024-07-02,ASIGNADA
1365,166,2,4,1,1,2024-07-04,NO_ELEGIBLE
1366,166,2,6,1,2,2024-07-07,ASIGNADA
1367,166,2,3,3,2,2024-07-10,ASIGNADA
1368,166,2,8,1,2,2024-07-10,ASIGNADA
1369,122,2,5,1,2,2024-07-11,ASIGNADA
1370,122,2,4,3,1,2024-07-08,ASIGNADA
1371,122,2,1,1,1,2024-07-04,SIN_CUPO
1372,122,2,6,3,1,2024-07-06,ASIGNADA
1373,9,2,9,1,1,2024-07-06,SIN_CUPO
1374,9,2,8,1,1,2024-07-06,SIN_CUPO
1375,9,2,2,1,1,2024-07-10,SIN_CUPO
1376,9,2,5,1,3,2024-07-07,ASIGNADA
1377,161,2,9,1,1,2024-07-09,SIN_CUPO
1378,161,2,3,2,2,2024-07-07,ASIGNADA
1379,161,2,6,1,2,2024-07-07,ASIGNADA
1380,161,2,1,1,1,2024-07-04,SIN_CUPO
1381,62,2,4,1,1,2024-07-02,SIN_CUPO
1382,62,2,1,1,1,2024-07-11,NO_ELEGIBLE
1383,62,2,9,1,1,2024-07-02,SIN_CUPO
1384,62,2,8,1,1,2024-07-03,SIN_CUPO
1385,90,2,2,2,1,2024-07-03,ASIGNADA
1386,90,2,4,1,2,2024-07-01,ASIGNADA
1387,90,2,7,1,1,2024-07-08,SIN_CUPO
1388,90,2,6,1,2,2024-07-06,ASIGNADA
1389,81,2,6,1,1,2024-07-10,SIN_CUPO
1390,81,2,1,1,1,2024-07-04,SIN_CUPO
1391,81,2,5,1,3,2024-07-02,ASIGNADA
1392,81,2,3,2,1,2024-07-03,ASIGNADA
1393,113,2,8,1,2,2024-07-05,ASIGNADA
1394,113,2,5,1,2,2024-07-07,ASIGNADA
1395,113,2,2,2,1,2024-07-10,ASIGNADA
1396,113,2,9,2,3,2024-07-02,ASIGNADA
1397,143,2,8,1,2,2024-07-05,ASIGNADA
1398,143,2,5,2,2,2024-07-01,ASIGNADA
1399,143,2,9,1,2,2024-07-02,ASIGNADA
1400,143,2,6,2,1,2024-07-03,ASIGNADA
1401,28,2,8,1,2,2024-07-11,ASIGNADA
1402,28,2,1,3,1,2024-07-07,ASIGNADA
1403,28,2,7,1,1,2024-07-08,SIN_CUPO
1404,28,2,4,2,1,2024-07-04,ASIGNADA
1405,124,2,8,1,1,2024-07-03,SIN_CUPO
1406,124,2,2,3,2,2024-07-06,ASIGNADA
1407,124,2,9,2,1,2024-07-03,ASIGNADA
1408,124,2,7,1,1,2024-07-07,SIN_CUPO
1409,240,2,4,2,1,2024-07-05,ASIGNADA
1410,240,2,9,2,2,2024-07-10,ASIGNADA
1411,240,2,6,1,2,2024-07-03,ASIGNADA
1412,240,2,5,1,3,2024-07-09,NO_ELEGIBLE
1413,126,2,5,2,1,2024-07-01,ASIGNADA
1414,126,2,6,1,2,2024-07-05,ASIGNADA
1415,126,2,9,1,2,2024-07-04,ASIGNADA
1416,126,2,4,3,2,2024-07-08,ASIGNADA
1417,2,2,8,2,1,2024-07-03,ASIGNADA
1418,2,2,5,3,1,2024-07-02,ASIGNADA
1419,2,2,2,2,1,2024-07-10,ASIGNADA
1420,2,2,3,1,1,2024-07-05,SIN_CUPO
1421,140,2,3,2,1,2024-07-03,SIN_CUPO
1422,140,2,8,2,1,2024-07-11,ASIGNADA
1423,140,2,1,2,3,2024-07-11,ASIGNADA
1424,140,2,9,1,1,2024-07-10,SIN_CUPO
1425,219,2,1,2,1,2024-07-11,ASIGNADA
1426,219,2,6,1,1,2024-07-10,SIN_CUPO
1427,219,2,7,2,1,2024-07-07,DESISTIDA
1428,219,2,9,1,1,2024-07-09,SIN_CUPO
1429,170,2,4,3,1,2024-07-06,ASIGNADA
1430,170,2,3,3,1,2024-07-08,ASIGNADA
1431,170,2,2,2,1,2024-07-05,ASIGNADA
1432,170,2,9,1,1,2024-07-11,SIN_CUPO
1433,41,2,5,1,1,2024-07-11,SIN_CUPO
1434,41,2,2,1,1,2024-07-02,SIN_CUPO
1435,41,2,1,1,2,2024-07-03,ASIGNADA
1436,41,2,3,1,1,2024-07-10,SIN_CUPO
1437,80,2,8,1,1,2024-07-08,SIN_CUPO
1438,80,2,6,1,2,2024-07-08,ASIGNADA
1439,80,2,7,2,2,2024-07-02,ASIGNADA
1440,80,2,2,2,2,2024-07-01,ASIGNADA
1441,190,2,2,1,1,2024-07-04,SIN_CUPO
1442,190,2,5,1,2,2024-07-04,ASIGNADA
1443,190,2,7,3,1,2024-07-10,ASIGNADA
1444,190,2,8,3,1,2024-07-05,ASIGNADA
1445,61,2,8,1,1,2024-07-11,SIN_CUPO
1446,61,2,5,1,1,2024-07-08,NO_ELEGIBLE
1447,61,2,7,2,3,2024-07-04,ASIGNADA
1448,61,2,1,1,2,2024-07-04,ASIGNADA
1449,100,2,8,1,1,2024-07-04,SIN_CUPO
1450,100,2,3,3,2,2024-07-04,DESISTIDA
1451,100,2,5,3,2,2024-07-10,ASIGNADA
1452,100,2,9,2,1,2024-07-11,NO_ELEGIBLE
1453,236,2,7,1,3,2024-07-01,ASIGNADA
1454,236,2,2,1,1,2024-07-08,SIN_CUPO
1455,236,2,1,1,1,2024-07-03,SIN_CUPO
1456,236,2,5,1,2,2024-07-08,ASIGNADA
1457,210,2,2,3,1,2024-07-05,ASIGNADA
1458,210,2,1,1,1,2024-07-09,SIN_CUPO
1459,210,2,3,1,3,2024-07-06,ASIGNADA
1460,210,2,7,1,1,2024-07-02,SIN_CUPO
1461,226,2,2,2,2,2024-07-01,ASIGNADA
1462,226,2,1,1,1,2024-07-04,SIN_CUPO
1463,226,2,3,1,1,2024-07-04,SIN_CUPO
1464,226,2,5,1,1,2024-07-10,NO_ELEGIBLE
1465,30,2,6,1,1,2024-07-02,DESISTIDA
1466,30,2,3,1,3,2024-07-02,ASIGNADA
1467,30,2,2,1,2,2024-07-01,ASIGNADA
1468,30,2,7,1,1,2024-07-09,SIN_CUPO
1469,119,2,9,1,1,2024-07-01,SIN_CUPO
1470,119,2,3,3,1,2024-07-02,ASIGNADA
1471,119,2,2,1,1,2024-07-11,SIN_CUPO
1472,119,2,5,1,1,2024-07-09,SIN_CUPO
1473,108,2,8,1,3,2024-07-04,ASIGNADA
1474,108,2,3,1,1,2024-07-03,SIN_CUPO
1475,108,2,1,2,3,2024-07-03,ASIGNADA
1476,108,2,9,1,3,2024-07-06,ASIGNADA
1477,128,2,7,3,1,2024-07-09,ASIGNADA
1478,128,2,1,1,2,2024-07-04,ASIGNADA
1479,128,2,2,3,2,2024-07-01,NO_ELEGIBLE
1480,128,2,5,3,1,2024-07-03,ASIGNADA
1481,184,2,4,2,2,2024-07-09,ASIGNADA
1482,184,2,6,2,2,2024-07-05,ASIGNADA
1483,184,2,7,1,2,2024-07-04,ASIGNADA
1484,184,2,8,3,2,2024-07-05,ASIGNADA
1485,164,2,5,1,1,2024-07-05,SIN_CUPO
1486,164,2,8,3,3,2024-07-05,ASIGNADA
1487,164,2,9,1,3,2024-07-05,ASIGNADA
1488,164,2,6,1,1,2024-07-05,SIN_CUPO
1489,91,2,5,1,1,2024-07-09,SIN_CUPO
1490,91,2,6,1,1,2024-07-05,SIN_CUPO
1491,91,2,3,1,1,2024-07-04,SIN_CUPO
1492,91,2,8,1,1,2024-07-02,SIN_CUPO
1493,175,2,8,1,1,2024-07-02,SIN_CUPO
1494,175,2,7,1,1,2024-07-02,SIN_CUPO
1495,175,2,4,3,2,2024-07-11,ASIGNADA
1496,175,2,6,3,1,2024-07-10,ASIGNADA
1497,133,2,3,1,2,2024-07-04,ASIGNADA
1498,133,2,8,2,2,2024-07-11,ASIGNADA
1499,133,2,4,2,2,2024-07-09,NO_ELEGIBLE
1500,133,2,6,1,1,2024-07-05,SIN_CUPO
1501,144,2,8,1,2,2024-07-05,ASIGNADA
1502,144,2,7,1,1,2024-07-10,SIN_CUPO
1503,144,2,1,1,3,2024-07-10,ASIGNADA
1504,144,2,9,3,1,2024-07-04,ASIGNADA
1505,189,2,7,2,1,2024-07-06,ASIGNADA
1506,189,2,3,1,1,2024-07-06,SIN_CUPO
1507,189,2,4,1,1,2024-07-01,SIN_CUPO
1508,189,2,6,1,1,2024-07-10,SIN_CUPO
1509,26,2,5,1,1,2024-07-03,SIN_CUPO
1510,26,2,1,2,1,2024-07-07,ASIGNADA
1511,26,2,8,1,1,2024-07-01,SIN_CUPO
1512,26,2,9,1,1,2024-07-08,SIN_CUPO
1513,69,2,4,1,2,2024-07-04,ASIGNADA
1514,69,2,5,3,1,2024-07-06,ASIGNADA
1515,69,2,1,2,1,2024-07-03,ASIGNADA
1516,69,2,8,1,2,2024-07-09,ASIGNADA
1517,50,2,8,1,1,2024-07-04,SIN_CUPO
1518,50,2,6,1,3,2024-07-11,ASIGNADA
1519,50,2,9,1,1,2024-07-04,NO_ELEGIBLE
1520,50,2,7,1,1,2024-07-11,SIN_CUPO
1521,99,2,6,1,2,2024-07-05,ASIGNADA
1522,99,2,8,2,1,2024-07-06,ASIGNADA
1523,99,2,5,1,1,2024-07-05,SIN_CUPO
1524,99,2,9,1,2,2024-07-07,ASIGNADA
1525,117,2,7,1,1,2024-07-03,DESISTIDA
1526,117,2,4,2,2,2024-07-08,ASIGNADA
1527,117,2,5,1,3,2024-07-08,ASIGNADA
1528,117,2,8,3,2,2024-07-01,ASIGNADA
1529,75,2,4,1,1,2024-07-04,SIN_CUPO
1530,75,2,9,2,2,2024-07-04,NO_ELEGIBLE
1531,75,2,1,1,3,2024-07-04,ASIGNADA
1532,75,2,2,2,1,2024-07-05,DESISTIDA
1533,118,2,7,1,3,2024-07-02,ASIGNADA
1534,118,2,5,2,2,2024-07-02,ASIGNADA
1535,118,2,8,1,1,2024-07-02,SIN_CUPO
1536,118,2,9,1,3,2024-07-09,ASIGNADA
1537,207,2,4,3,1,2024-07-08,ASIGNADA
1538,207,2,1,1,3,2024-07-02,DESISTIDA
1539,207,2,2,1,2,2024-07-08,ASIGNADA
1540,207,2,9,1,2,2024-07-08,ASIGNADA
1541,54,2,1,2,1,2024-07-11,ASIGNADA
1542,54,2,2,1,1,2024-07-01,SIN_CUPO
1543,54,2,5,1,2,2024-07-05,ASIGNADA
1544,54,2,3,1,2,2024-07-11,ASIGNADA
1545,151,2,7,1,1,2024-07-07,SIN_CUPO
1546,151,2,6,1,1,2024-07-01,SIN_CUPO
1547,151,2,5,1,1,2024-07-02,SIN_CUPO
1548,151,2,2,1,3,2024-07-09,DESISTIDA
1549,76,2,2,2,3,2024-07-09,ASIGNADA
1550,76,2,4,1,3,2024-07-07,ASIGNADA
1551,76,2,7,1,3,2024-07-03,ASIGNADA
1552,76,2,3,1,1,2024-07-04,SIN_CUPO
1553,47,2,4,2,1,2024-07-05,ASIGNADA
1554,47,2,9,1,3,2024-07-07,DESISTIDA
1555,47,2,5,2,3,2024-07-10,ASIGNADA
1556,47,2,8,1,2,2024-07-03,ASIGNADA
1557,173,2,4,2,1,2024-07-01,ASIGNADA
1558,173,2,3,1,2,2024-07-08,SIN_CUPO
1559,173,2,8,1,2,2024-07-06,ASIGNADA
1560,173,2,2,1,1,2024-07-06,SIN_CUPO
1561,185,2,2,3,1,2024-07-10,ASIGNADA
1562,185,2,1,3,3,2024-07-07,ASIGNADA
1563,185,2,4,1,2,2024-07-08,ASIGNADA
1564,185,2,6,2,2,2024-07-06,ASIGNADA
1565,120,2,3,3,1,2024-07-06,ASIGNADA
1566,120,2,2,1,1,2024-07-03,SIN_CUPO
1567,120,2,1,2,2,2024-07-06,ASIGNADA
1568,120,2,4,1,3,2024-07-04,ASIGNADA
1569,142,2,1,1,2,2024-07-02,ASIGNADA
1570,142,2,8,2,1,2024-07-04,ASIGNADA
1571,142,2,4,1,1,2024-07-08,SIN_CUPO
1572,142,2,5,3,2,2024-07-07,ASIGNADA
1573,107,2,2,2,2,2024-07-05,ASIGNADA
1574,107,2,1,2,1,2024-07-04,ASIGNADA
1575,107,2,6,2,3,2024-07-09,DESISTIDA
1576,107,2,4,1,1,2024-07-07,SIN_CUPO
1577,74,2,9,1,1,2024-07-03,SIN_CUPO
1578,74,2,1,1,2,2024-07-09,ASIGNADA
1579,74,2,4,2,1,2024-07-02,NO_ELEGIBLE
1580,74,2,8,1,1,2024-07-05,SIN_CUPO
1581,162,2,5,1,1,2024-07-07,SIN_CUPO
1582,162,2,6,3,1,2024-07-06,ASIGNADA
1583,162,2,1,1,1,2024-07-06,SIN_CUPO
1584,162,2,9,3,1,2024-07-03,ASIGNADA
1585,27,2,6,1,2,2024-07-11,ASIGNADA
1586,27,2,8,1,1,2024-07-02,SIN_CUPO
1587,27,2,9,1,3,2024-07-10,ASIGNADA
1588,27,2,5,2,1,2024-07-10,ASIGNADA
1589,155,2,7,1,2,2024-07-09,ASIGNADA
1590,155,2,9,1,1,2024-07-11,SIN_CUPO
1591,155,2,4,2,2,2024-07-05,ASIGNADA
1592,155,2,6,2,2,2024-07-07,ASIGNADA
1593,64,2,8,1,3,2024-07-08,DESISTIDA
1594,64,2,6,1,3,2024-07-01,ASIGNADA
1595,64,2,1,2,1,2024-07-11,ASIGNADA
1596,64,2,3,3,1,2024-07-03,NO_ELEGIBLE
1597,34,2,2,2,2,2024-07-03,ASIGNADA
1598,34,2,1,2,3,2024-07-08,ASIGNADA
1599,34,2,3,3,1,2024-07-04,ASIGNADA
1600,34,2,6,3,1,2024-07-06,ASIGNADA
1601,204,2,6,1,2,2024-07-05,SIN_CUPO
1602,204,2,3,1,2,2024-07-06,SIN_CUPO
1603,204,2,4,1,1,2024-07-06,SIN_CUPO
1604,204,2,2,1,1,2024-07-04,SIN_CUPO
1605,135,2,4,1,1,2024-07-01,DESISTIDA
1606,135,2,9,1,2,2024-07-05,ASIGNADA
1607,135,2,5,2,1,2024-07-08,ASIGNADA
1608,135,2,7,2,2,2024-07-10,ASIGNADA
1609,229,2,8,3,1,2024-07-01,ASIGNADA
1610,229,2,7,1,1,2024-07-05,SIN_CUPO
1611,229,2,2,2,2,2024-07-02,ASIGNADA
1612,229,2,5,1,1,2024-07-04,SIN_CUPO
1613,169,2,2,2,2,2024-07-10,ASIGNADA
1614,169,2,4,1,3,2024-07-06,DESISTIDA
1615,169,2,5,1,1,2024-07-08,SIN_CUPO
1616,169,2,7,2,1,2024-07-01,ASIGNADA
1617,94,2,1,1,1,2024-07-06,SIN_CUPO
1618,94,2,7,3,1,2024-07-03,DESISTIDA
1619,94,2,2,1,1,2024-07-11,SIN_CUPO
1620,94,2,4,2,3,2024-07-10,ASIGNADA
1621,57,2,3,2,2,2024-07-06,DESISTIDA
1622,57,2,4,1,3,2024-07-06,ASIGNADA
1623,57,2,9,1,2,2024-07-02,ASIGNADA
1624,57,2,5,1,2,2024-07-05,SIN_CUPO
1625,180,2,4,1,1,2024-07-07,SIN_CUPO
1626,180,2,3,1,1,2024-07-04,SIN_CUPO
1627,180,2,7,2,1,2024-07-04,ASIGNADA
1628,180,2,1,2,2,2024-07-03,ASIGNADA
1629,179,2,8,2,1,2024-07-07,DESISTIDA
1630,179,2,4,2,2,2024-07-11,ASIGNADA
1631,179,2,3,1,1,2024-07-05,SIN_CUPO
1632,179,2,9,2,3,2024-07-10,ASIGNADA
1633,181,2,9,1,2,2024-07-06,ASIGNADA
1634,181,2,8,1,2,2024-07-10,SIN_CUPO
1635,181,2,2,1,1,2024-07-09,SIN_CUPO
1636,181,2,5,1,2,2024-07-06,SIN_CUPO
1637,106,2,1,1,3,2024-07-07,ASIGNADA
1638,106,2,9,1,1,2024-07-11,SIN_CUPO
1639,106,2,7,1,1,2024-07-08,SIN_CUPO
1640,106,2,3,1,3,2024-07-02,ASIGNADA
1641,131,2,2,2,1,2024-07-07,NO_ELEGIBLE
1642,131,2,4,1,1,2024-07-06,SIN_CUPO
1643,131,2,1,1,2,2024-07-06,ASIGNADA
1644,131,2,8,3,3,2024-07-08,ASIGNADA
1645,160,2,4,2,3,2024-07-02,ASIGNADA
1646,160,2,1,1,1,2024-07-05,SIN_CUPO
1647,160,2,6,1,1,2024-07-04,SIN_CUPO
1648,160,2,8,3,2,2024-07-11,ASIGNADA
1649,13,2,9,1,2,2024-07-03,NO_ELEGIBLE
1650,13,2,7,1,1,2024-07-02,SIN_CUPO
1651,13,2,8,1,1,2024-07-03,SIN_CUPO
1652,13,2,1,1,1,2024-07-10,SIN_CUPO
1653,58,2,5,1,2,2024-07-08,SIN_CUPO
1654,58,2,7,3,2,2024-07-10,DESISTIDA
1655,58,2,8,2,1,2024-07-03,ASIGNADA
1656,58,2,1,1,2,2024-07-02,NO_ELEGIBLE
1657,148,2,8,1,1,2024-07-05,DESISTIDA
1658,148,2,2,3,3,2024-07-06,ASIGNADA
1659,148,2,4,1,3,2024-07-03,ASIGNADA
1660,148,2,1,1,1,2024-07-07,SIN_CUPO
1661,214,2,6,1,1,2024-07-08,SIN_CUPO
1662,214,2,4,3,1,2024-07-04,ASIGNADA
1663,214,2,9,1,2,2024-07-05,SIN_CUPO
1664,214,2,3,1,2,2024-07-04,SIN_CUPO
1665,11,2,3,2,3,2024-07-09,ASIGNADA
1666,11,2,4,2,1,2024-07-07,ASIGNADA
1667,11,2,1,1,1,2024-07-03,SIN_CUPO
1668,11,2,5,2,3,2024-07-03,ASIGNADA
1669,137,2,3,1,2,2024-07-01,SIN_CUPO
1670,137,2,7,3,3,2024-07-01,ASIGNADA
1671,137,2,4,1,2,2024-07-08,ASIGNADA
1672,137,2,2,3,1,2024-07-10,ASIGNADA
1673,231,2,6,2,1,2024-07-10,NO_ELEGIBLE
1674,231,2,3,1,1,2024-07-04,SIN_CUPO
1675,231,2,5,3,2,2024-07-05,ASIGNADA
1676,231,2,9,1,1,2024-07-10,NO_ELEGIBLE
1677,6,2,1,1,1,2024-07-10,SIN_CUPO
1678,6,2,6,1,1,2024-07-03,SIN_CUPO
1679,6,2,4,3,3,2024-07-01,ASIGNADA
1680,6,2,5,1,1,2024-07-08,SIN_CUPO
1681,194,2,7,2,2,2024-07-03,ASIGNADA
1682,194,2,5,3,2,2024-07-03,ASIGNADA
1683,194,2,3,1,1,2024-07-11,SIN_CUPO
1684,194,2,6,1,2,2024-07-02,SIN_CUPO
1685,25,2,1,1,1,2024-07-07,NO_ELEGIBLE
1686,25,2,5,1,2,2024-07-06,SIN_CUPO
1687,25,2,6,3,1,2024-07-09,ASIGNADA
1688,25,2,2,1,3,2024-07-02,ASIGNADA
1689,232,2,3,2,2,2024-07-02,ASIGNADA
1690,232,2,4,1,2,2024-07-04,ASIGNADA
1691,232,2,9,1,1,2024-07-09,SIN_CUPO
1692,232,2,6,1,1,2024-07-01,SIN_CUPO
1693,85,2,4,1,2,2024-07-11,ASIGNADA
1694,85,2,9,3,2,2024-07-04,ASIGNADA
1695,85,2,3,2,2,2024-07-08,ASIGNADA
1696,85,2,1,1,1,2024-07-10,SIN_CUPO
1697,222,2,4,2,2,2024-07-11,ASIGNADA
1698,222,2,1,1,1,2024-07-06,SIN_CUPO
1699,222,2,7,1,2,2024-07-04,ASIGNADA
1700,222,2,2,3,2,2024-07-07,ASIGNADA
1701,35,2,2,1,3,2024-07-05,DESISTIDA
1702,35,2,6,3,1,2024-07-01,ASIGNADA
1703,35,2,3,3,1,2024-07-05,ASIGNADA
1704,35,2,9,1,1,2024-07-11,SIN_CUPO
1705,153,2,5,1,1,2024-07-06,DESISTIDA
1706,153,2,9,2,2,2024-07-01,ASIGNADA
1707,153,2,3,1,1,2024-07-02,SIN_CUPO
1708,153,2,6,2,1,2024-07-05,ASIGNADA
1709,154,2,2,3,2,2024-07-01,ASIGNADA
1710,154,2,5,3,3,2024-07-11,ASIGNADA
1711,154,2,4,1,3,2024-07-07,ASIGNADA
1712,154,2,9,2,2,2024-07-11,ASIGNADA
1713,65,2,7,3,1,2024-07-11,ASIGNADA
1714,65,2,6,3,1,2024-07-09,ASIGNADA
1715,65,2,3,1,1,2024-07-02,SIN_CUPO
1716,65,2,4,1,2,2024-07-10,DESISTIDA
1717,52,2,3,1,1,2024-07-09,SIN_CUPO
1718,52,2,2,3,1,2024-07-11,ASIGNADA
1719,52,2,4,1,2,2024-07-05,SIN_CUPO
1720,52,2,7,1,2,2024-07-11,ASIGNADA
1721,43,2,5,3,1,2024-07-02,ASIGNADA
1722,43,2,4,1,1,2024-07-01,SIN_CUPO
1723,43,2,8,3,3,2024-07-02,ASIGNADA
1724,43,2,7,1,1,2024-07-08,SIN_CUPO
1725,167,2,1,3,1,2024-07-07,ASIGNADA
1726,167,2,9,2,1,2024-07-11,ASIGNADA
1727,167,2,8,1,1,2024-07-06,SIN_CUPO
1728,167,2,5,2,3,2024-07-03,ASIGNADA
1729,109,2,1,1,1,2024-07-10,SIN_CUPO
1730,109,2,7,1,1,2024-07-02,SIN_CUPO
1731,109,2,4,2,1,2024-07-09,ASIGNADA
1732,109,2,5,1,1,2024-07-11,NO_ELEGIBLE
1733,177,2,4,1,1,2024-07-05,SIN_CUPO
1734,177,2,2,1,2,2024-07-06,ASIGNADA
1735,177,2,5,1,3,2024-07-03,ASIGNADA
1736,177,2,7,1,3,2024-07-02,ASIGNADA
1737,187,2,2,3,1,2024-07-08,ASIGNADA
1738,187,2,1,1,1,2024-07-08,SIN_CUPO
1739,187,2,5,1,1,2024-07-03,SIN_CUPO
1740,187,2,9,1,1,2024-07-11,SIN_CUPO
1741,68,2,8,1,1,2024-07-11,SIN_CUPO
1742,68,2,3,1,1,2024-07-10,SIN_CUPO
1743,68,2,5,3,1,2024-07-07,ASIGNADA
1744,68,2,1,1,1,2024-07-11,SIN_CUPO
1745,134,2,2,2,1,2024-07-05,ASIGNADA
1746,134,2,4,2,1,2024-07-07,ASIGNADA
1747,134,2,9,2,1,2024-07-08,ASIGNADA
1748,134,2,8,1,3,2024-07-09,ASIGNADA
1749,53,2,4,1,2,2024-07-11,SIN_CUPO
1750,53,2,3,1,2,2024-07-10,SIN_CUPO
1751,53,2,8,1,1,2024-07-02,SIN_CUPO
1752,53,2,5,1,3,2024-07-05,SIN_CUPO
1753,22,2,1,3,3,2024-07-02,ASIGNADA
1754,22,2,9,3,1,2024-07-10,ASIGNADA
1755,22,2,5,1,1,2024-07-03,SIN_CUPO
1756,22,2,3,1,3,2024-07-05,ASIGNADA
1757,163,2,1,1,1,2024-07-01,SIN_CUPO
1758,163,2,5,1,3,2024-07-06,SIN_CUPO
1759,163,2,8,2,1,2024-07-06,ASIGNADA
1760,163,2,9,1,2,2024-07-01,SIN_CUPO
1761,33,2,9,3,2,2024-07-05,ASIGNADA
1762,33,2,4,3,1,2024-07-07,ASIGNADA
1763,33,2,3,3,1,2024-07-03,ASIGNADA
1764,33,2,5,1,3,2024-07-11,SIN_CUPO
1765,220,2,2,1,1,2024-07-06,SIN_CUPO
1766,220,2,3,2,1,2024-07-02,SIN_CUPO
1767,220,2,6,1,1,2024-07-06,SIN_CUPO
1768,220,2,7,1,1,2024-07-02,SIN_CUPO
1769,38,2,8,3,2,2024-07-07,ASIGNADA
1770,38,2,5,1,1,2024-07-08,DESISTIDA
1771,38,2,7,1,1,2024-07-04,NO_ELEGIBLE
1772,38,2,6,1,1,2024-07-02,SIN_CUPO
1773,42,2,4,1,2,2024-07-01,SIN_CUPO
1774,42,2,7,1,2,2024-07-04,ASIGNADA
1775,42,2,1,1,2,2024-07-08,ASIGNADA
1776,42,2,6,2,1,2024-07-04,ASIGNADA
1777,115,2,8,1,2,2024-07-02,SIN_CUPO
1778,115,2,7,1,2,2024-07-10,ASIGNADA
1779,115,2,5,1,3,2024-07-04,SIN_CUPO
1780,115,2,4,2,1,2024-07-04,ASIGNADA
1781,93,2,5,3,2,2024-07-05,ASIGNADA
1782,93,2,6,2,1,2024-07-05,ASIGNADA
1783,93,2,7,1,2,2024-07-03,NO_ELEGIBLE
1784,93,2,8,3,3,2024-07-02,ASIGNADA
1785,56,2,9,1,2,2024-07-02,SIN_CUPO
1786,56,2,2,2,2,2024-07-03,SIN_CUPO
1787,56,2,7,3,3,2024-07-01,ASIGNADA
1788,56,2,4,1,3,2024-07-07,ASIGNADA
1789,82,2,4,2,2,2024-07-01,ASIGNADA
1790,82,2,5,1,1,2024-07-07,SIN_CUPO
1791,82,2,3,1,2,2024-07-03,SIN_CUPO
1792,82,2,6,1,3,2024-07-02,NO_ELEGIBLE
1793,213,2,2,2,1,2024-07-03,ASIGNADA
1794,213,2,3,2,2,2024-07-06,ASIGNADA
1795,213,2,4,2,2,2024-07-01,ASIGNADA
1796,213,2,8,1,1,2024-07-02,SIN_CUPO
1797,123,2,7,2,1,2024-07-06,ASIGNADA
1798,123,2,8,3,3,2024-07-11,ASIGNADA
1799,123,2,6,2,3,2024-07-04,ASIGNADA
1800,123,2,2,1,1,2024-07-01,SIN_CUPO
1801,176,2,6,1,1,2024-07-11,SIN_CUPO
1802,176,2,8,2,1,2024-07-08,SIN_CUPO
1803,176,2,2,3,1,2024-07-03,ASIGNADA
1804,176,2,3,1,1,2024-07-03,DESISTIDA
1805,186,2,7,1,1,2024-07-08,SIN_CUPO
1806,186,2,2,2,1,2024-07-05,SIN_CUPO
1807,186,2,6,1,1,2024-07-01,SIN_CUPO
1808,186,2,9,1,1,2024-07-03,SIN_CUPO
1809,237,2,7,1,1,2024-07-04,NO_ELEGIBLE
1810,237,2,4,3,3,2024-07-09,ASIGNADA
1811,237,2,6,1,2,2024-07-04,SIN_CUPO
1812,237,2,2,1,2,2024-07-11,ASIGNADA
1813,23,2,3,3,2,2024-07-09,ASIGNADA
1814,23,2,4,1,1,2024-07-01,SIN_CUPO
1815,23,2,2,1,1,2024-07-09,SIN_CUPO
1816,23,2,9,2,2,2024-07-09,ASIGNADA
1817,48,2,2,1,3,2024-07-11,ASIGNADA
1818,48,2,5,2,2,2024-07-05,DESISTIDA
1819,48,2,4,2,1,2024-07-07,ASIGNADA
1820,48,2,9,1,1,2024-07-04,SIN_CUPO
1821,101,2,3,2,2,2024-07-05,ASIGNADA
1822,101,2,8,2,1,2024-07-06,SIN_CUPO
1823,101,2,2,1,2,2024-07-04,ASIGNADA
1824,101,2,1,1,1,2024-07-11,SIN_CUPO
1825,172,2,4,1,1,2024-07-02,SIN_CUPO
1826,172,2,1,1,1,2024-07-01,SIN_CUPO
1827,172,2,5,1,2,2024-07-09,NO_ELEGIBLE
1828,172,2,8,2,1,2024-07-10,SIN_CUPO
1829,39,2,9,1,1,2024-07-03,SIN_CUPO
1830,39,2,4,3,1,2024-07-08,ASIGNADA
1831,39,2,6,3,2,2024-07-01,ASIGNADA
1832,39,2,8,1,1,2024-07-10,SIN_CUPO
1833,217,2,3,1,1,2024-07-02,SIN_CUPO
1834,217,2,9,1,3,2024-07-10,ASIGNADA
1835,217,2,7,3,1,2024-07-02,ASIGNADA
1836,217,2,8,1,2,2024-07-08,SIN_CUPO
1837,92,2,7,1,1,2024-07-04,SIN_CUPO
1838,92,2,2,3,1,2024-07-11,ASIGNADA
1839,92,2,5,1,1,2024-07-02,SIN_CUPO
1840,92,2,4,2,2,2024-07-11,ASIGNADA
1841,145,2,9,1,3,2024-07-11,ASIGNADA
1842,145,2,8,1,1,2024-07-08,SIN_CUPO
1843,145,2,3,1,1,2024-07-06,SIN_CUPO
1844,145,2,6,1,3,2024-07-09,ASIGNADA
1845,72,2,7,1,3,2024-07-05,ASIGNADA
1846,72,2,6,1,2,2024-07-06,SIN_CUPO
1847,72,2,5,2,1,2024-07-06,SIN_CUPO
1848,72,2,9,2,1,2024-07-04,NO_ELEGIBLE
1849,102,2,3,2,1,2024-07-01,SIN_CUPO
1850,102,2,7,1,2,2024-07-02,ASIGNADA
1851,102,2,2,1,3,2024-07-02,ASIGNADA
1852,102,2,1,2,1,2024-07-09,SIN_CUPO
1853,29,2,1,1,1,2024-07-11,SIN_CUPO
1854,29,2,5,2,3,2024-07-03,ASIGNADA
1855,29,2,8,1,1,2024-07-07,SIN_CUPO
1856,29,2,3,1,2,2024-07-11,SIN_CUPO
1857,168,2,8,2,3,2024-07-06,ASIGNADA
1858,168,2,5,1,3,2024-07-11,SIN_CUPO
1859,168,2,6,3,1,2024-07-07,ASIGNADA
1860,168,2,7,2,2,2024-07-06,DESISTIDA
1861,31,2,8,3,2,2024-07-03,ASIGNADA
1862,31,2,5,2,1,2024-07-03,SIN_CUPO
1863,31,2,3,1,1,2024-07-08,SIN_CUPO
1864,31,2,7,1,1,2024-07-03,SIN_CUPO
1865,4,2,3,2,1,2024-07-05,SIN_CUPO
1866,4,2,2,1,2,2024-07-06,SIN_CUPO
1867,4,2,4,2,1,2024-07-05,SIN_CUPO
1868,4,2,7,1,2,2024-07-07,ASIGNADA
1869,36,2,2,1,1,2024-07-01,SIN_CUPO
1870,36,2,8,1,1,2024-07-04,SIN_CUPO
1871,36,2,4,3,2,2024-07-03,ASIGNADA
1872,36,2,7,1,2,2024-07-11,ASIGNADA
1873,200,2,2,2,2,2024-07-06,SIN_CUPO
1874,200,2,7,1,1,2024-07-10,SIN_CUPO
1875,200,2,6,1,1,2024-07-11,SIN_CUPO
1876,200,2,5,1,1,2024-07-11,SIN_CUPO
1877,191,2,9,3,1,2024-07-01,ASIGNADA
1878,191,2,5,2,2,2024-07-08,ASIGNADA
1879,191,2,6,1,1,2024-07-06,SIN_CUPO
1880,191,2,2,2,1,2024-07-11,SIN_CUPO
1881,59,2,3,1,1,2024-07-04,DESISTIDA
1882,59,2,4,2,1,2024-07-02,SIN_CUPO
1883,59,2,7,1,2,2024-07-05,ASIGNADA
1884,59,2,2,3,2,2024-07-02,ASIGNADA
1885,224,2,6,3,1,2024-07-04,ASIGNADA
1886,224,2,9,1,1,2024-07-02,SIN_CUPO
1887,224,2,8,1,2,2024-07-10,SIN_CUPO
1888,224,2,5,2,1,2024-07-01,SIN_CUPO
1889,51,2,7,1,2,2024-07-06,ASIGNADA
1890,51,2,3,1,1,2024-07-05,SIN_CUPO
1891,51,2,6,1,2,2024-07-05,SIN_CUPO
1892,51,2,9,1,1,2024-07-10,SIN_CUPO
1893,199,2,6,1,1,2024-07-04,SIN_CUPO
1894,199,2,4,1,2,2024-07-11,NO_ELEGIBLE
1895,199,2,7,1,1,2024-07-08,SIN_CUPO
1896,199,2,3,2,1,2024-07-09,SIN_CUPO
1897,97,2,1,1,2,2024-07-02,ASIGNADA
1898,97,2,9,1,1,2024-07-08,SIN_CUPO
1899,97,2,7,3,2,2024-07-04,ASIGNADA
1900,97,2,3,3,3,2024-07-04,ASIGNADA
1901,227,2,1,1,1,2024-07-10,SIN_CUPO
1902,227,2,7,1,1,2024-07-03,SIN_CUPO
1903,227,2,4,1,1,2024-07-02,SIN_CUPO
1904,227,2,8,3,2,2024-07-02,ASIGNADA
1905,138,2,9,2,2,2024-07-08,ASIGNADA
1906,138,2,2,1,1,2024-07-06,NO_ELEGIBLE
1907,138,2,3,1,1,2024-07-10,SIN_CUPO
1908,138,2,4,1,1,2024-07-09,SIN_CUPO
1909,55,2,4,2,3,2024-07-07,ASIGNADA
1910,55,2,1,2,1,2024-07-09,SIN_CUPO
1911,55,2,7,3,2,2024-07-08,ASIGNADA
1912,55,2,5,2,3,2024-07-07,DESISTIDA
1913,209,2,4,2,3,2024-07-03,ASIGNADA
1914,209,2,2,1,1,2024-07-10,SIN_CUPO
1915,209,2,6,2,1,2024-07-03,ASIGNADA
1916,209,2,8,1,1,2024-07-10,SIN_CUPO
1917,150,2,5,3,2,2024-07-10,ASIGNADA
1918,150,2,6,2,2,2024-07-03,NO_ELEGIBLE
1919,150,2,7,3,1,2024-07-09,ASIGNADA
1920,150,2,1,1,2,2024-07-11,DESISTIDA
1921,58,3,9,1,1,2025-02-05,ASIGNADA
1922,58,3,2,1,2,2025-02-03,ASIGNADA
1923,58,3,3,1,2,2025-02-01,ASIGNADA
1924,58,3,7,1,2,2025-02-01,ASIGNADA
1925,54,3,3,1,1,2025-02-04,ASIGNADA
1926,54,3,1,2,1,2025-02-05,ASIGNADA
1927,54,3,4,1,1,2025-02-03,ASIGNADA
1928,54,3,5,1,1,2025-02-09,ASIGNADA
1929,87,3,2,2,1,2025-02-10,ASIGNADA
1930,87,3,1,1,3,2025-02-02,ASIGNADA
1931,87,3,9,1,1,2025-02-07,ASIGNADA
1932,87,3,6,1,1,2025-02-11,NO_ELEGIBLE
1933,38,3,7,1,3,2025-02-04,ASIGNADA
1934,38,3,1,1,1,2025-02-04,ASIGNADA
1935,38,3,8,3,2,2025-02-07,ASIGNADA
1936,38,3,6,3,1,2025-02-06,ASIGNADA
1937,72,3,8,2,1,2025-02-08,ASIGNADA
1938,72,3,2,1,3,2025-02-09,ASIGNADA
1939,72,3,1,1,1,2025-02-06,ASIGNADA
1940,72,3,6,3,1,2025-02-05,ASIGNADA
1941,206,3,6,2,1,2025-02-02,ASIGNADA
1942,206,3,3,2,1,2025-02-02,ASIGNADA
1943,206,3,2,2,2,2025-02-11,ASIGNADA
1944,206,3,4,2,1,2025-02-08,ASIGNADA
1945,28,3,3,2,3,2025-02-11,ASIGNADA
1946,28,3,1,1,1,2025-02-06,ASIGNADA
1947,28,3,5,1,2,2025-02-01,ASIGNADA
1948,28,3,6,1,2,2025-02-02,ASIGNADA
1949,157,3,9,2,1,2025-02-03,ASIGNADA
1950,157,3,2,1,3,2025-02-09,ASIGNADA
1951,157,3,8,3,1,2025-02-03,ASIGNADA
1952,157,3,5,2,1,2025-02-09,ASIGNADA
1953,101,3,5,2,1,2025-02-04,ASIGNADA
1954,101,3,7,2,1,2025-02-07,ASIGNADA
1955,101,3,4,3,1,2025-02-10,ASIGNADA
1956,101,3,1,1,1,2025-02-08,ASIGNADA
1957,89,3,6,1,1,2025-02-04,ASIGNADA
1958,89,3,1,1,3,2025-02-11,ASIGNADA
1959,89,3,8,2,2,2025-02-02,ASIGNADA
1960,89,3,2,1,2,2025-02-02,ASIGNADA
1961,104,3,9,3,2,2025-02-08,ASIGNADA
1962,104,3,1,2,2,2025-02-06,ASIGNADA
1963,104,3,8,1,2,2025-02-10,ASIGNADA
1964,104,3,2,1,2,2025-02-07,ASIGNADA
1965,94,3,7,1,2,2025-02-05,NO_ELEGIBLE
1966,94,3,6,2,1,2025-02-01,ASIGNADA
1967,94,3,8,1,2,2025-02-11,ASIGNADA
1968,94,3,5,1,2,2025-02-05,ASIGNADA
1969,214,3,4,2,2,2025-02-10,ASIGNADA
1970,214,3,7,2,2,2025-02-03,ASIGNADA
1971,214,3,8,2,1,2025-02-11,ASIGNADA
1972,214,3,6,1,2,2025-02-03,ASIGNADA
1973,205,3,9,1,2,2025-02-04,ASIGNADA
1974,205,3,6,1,1,2025-02-03,ASIGNADA
1975,205,3,5,1,2,2025-02-09,ASIGNADA
1976,205,3,4,1,3,2025-02-04,NO_ELEGIBLE
1977,230,3,4,3,1,2025-02-02,ASIGNADA
1978,230,3,3,2,1,2025-02-04,ASIGNADA
1979,230,3,9,1,1,2025-02-05,ASIGNADA
1980,230,3,6,2,1,2025-02-04,ASIGNADA
1981,221,3,1,1,1,2025-02-09,ASIGNADA
1982,221,3,7,2,1,2025-02-05,ASIGNADA
1983,221,3,2,2,1,2025-02-10,ASIGNADA
1984,221,3,6,2,2,2025-02-03,ASIGNADA
1985,153,3,9,1,1,2025-02-03,ASIGNADA
1986,153,3,8,3,2,2025-02-03,ASIGNADA
1987,153,3,6,1,1,2025-02-07,ASIGNADA
1988,153,3,2,1,1,2025-02-01,ASIGNADA
1989,144,3,3,1,2,2025-02-03,ASIGNADA
1990,144,3,8,3,1,2025-02-04,ASIGNADA
1991,144,3,2,1,1,2025-02-07,ASIGNADA
1992,144,3,9,2,2,2025-02-11,ASIGNADA
1993,45,3,8,1,1,2025-02-06,ASIGNADA
1994,45,3,7,2,1,2025-02-07,ASIGNADA
1995,45,3,1,1,2,2025-02-11,ASIGNADA
1996,45,3,3,1,2,2025-02-07,ASIGNADA
1997,132,3,9,1,1,2025-02-05,DESISTIDA
1998,132,3,2,2,1,2025-02-07,ASIGNADA
1999,132,3,5,1,1,2025-02-04,ASIGNADA
2000,132,3,7,1,2,2025-02-06,ASIGNADA
2001,219,3,5,1,2,2025-02-09,ASIGNADA
2002,219,3,1,2,1,2025-02-02,ASIGNADA
2003,219,3,9,1,1,2025-02-09,ASIGNADA
2004,219,3,7,3,2,2025-02-06,ASIGNADA
2005,201,3,9,3,1,2025-02-04,DESISTIDA
2006,201,3,2,2,2,2025-02-09,ASIGNADA
2007,201,3,5,1,2,2025-02-10,ASIGNADA
2008,201,3,7,3,2,2025-02-04,ASIGNADA
2009,41,3,4,3,2,2025-02-10,ASIGNADA
2010,41,3,9,3,1,2025-02-09,ASIGNADA
2011,41,3,6,2,1,2025-02-09,ASIGNADA
2012,41,3,2,1,2,2025-02-02,ASIGNADA
2013,106,3,2,1,3,2025-02-09,ASIGNADA
2014,106,3,3,1,1,2025-02-10,ASIGNADA
2015,106,3,9,2,2,2025-02-06,ASIGNADA
2016,106,3,8,1,1,2025-02-04,DESISTIDA
2017,156,3,6,1,1,2025-02-09,ASIGNADA
2018,156,3,3,1,2,2025-02-11,ASIGNADA
2019,156,3,9,2,1,2025-02-11,ASIGNADA
2020,156,3,2,1,1,2025-02-04,ASIGNADA
2021,10,3,3,3,1,2025-02-07,ASIGNADA
2022,10,3,2,1,1,2025-02-04,ASIGNADA
2023,10,3,4,1,1,2025-02-06,NO_ELEGIBLE
2024,10,3,9,1,3,2025-02-11,NO_ELEGIBLE
2025,227,3,9,1,2,2025-02-10,ASIGNADA
2026,227,3,7,1,1,2025-02-09,ASIGNADA
2027,227,3,6,1,1,2025-02-04,DESISTIDA
2028,227,3,3,3,2,2025-02-10,ASIGNADA
2029,200,3,3,1,2,2025-02-11,ASIGNADA
2030,200,3,9,2,1,2025-02-11,ASIGNADA
2031,200,3,4,1,1,2025-02-11,ASIGNADA
2032,200,3,7,1,1,2025-02-11,ASIGNADA
2033,96,3,2,1,3,2025-02-02,ASIGNADA
2034,96,3,5,3,1,2025-02-10,ASIGNADA
2035,96,3,6,1,2,2025-02-05,ASIGNADA
2036,96,3,3,1,3,2025-02-08,ASIGNADA
2037,215,3,3,3,1,2025-02-06,ASIGNADA
2038,215,3,2,3,3,2025-02-05,ASIGNADA
2039,215,3,5,1,3,2025-02-10,ASIGNADA
2040,215,3,1,1,1,2025-02-05,SIN_CUPO
2041,124,3,3,2,3,2025-02-03,ASIGNADA
2042,124,3,5,3,1,2025-02-11,ASIGNADA
2043,124,3,8,1,1,2025-02-03,DESISTIDA
2044,124,3,6,1,1,2025-02-08,ASIGNADA
2045,73,3,7,2,1,2025-02-10,ASIGNADA
2046,73,3,5,1,1,2025-02-06,ASIGNADA
2047,73,3,2,1,2,2025-02-09,ASIGNADA
2048,73,3,3,2,1,2025-02-05,ASIGNADA
2049,74,3,9,1,1,2025-02-08,SIN_CUPO
2050,74,3,7,1,2,2025-02-03,NO_ELEGIBLE
2051,74,3,8,1,2,2025-02-04,ASIGNADA
2052,74,3,3,1,1,2025-02-10,ASIGNADA
2053,173,3,9,3,2,2025-02-05,ASIGNADA
2054,173,3,8,1,1,2025-02-01,ASIGNADA
2055,173,3,7,3,1,2025-02-02,ASIGNADA
2056,173,3,6,1,3,2025-02-07,ASIGNADA
2057,199,3,7,1,1,2025-02-05,ASIGNADA
2058,199,3,4,3,1,2025-02-03,ASIGNADA
2059,199,3,9,1,1,2025-02-01,SIN_CUPO
2060,199,3,1,2,1,2025-02-02,ASIGNADA
2061,211,3,2,1,3,2025-02-05,ASIGNADA
2062,211,3,5,1,1,2025-02-01,ASIGNADA
2063,211,3,9,1,1,2025-02-02,SIN_CUPO
2064,211,3,1,1,2,2025-02-03,ASIGNADA
2065,31,3,7,2,2,2025-02-11,ASIGNADA
2066,31,3,2,1,1,2025-02-03,ASIGNADA
2067,31,3,5,1,1,2025-02-09,ASIGNADA
2068,31,3,1,2,2,2025-02-09,ASIGNADA
2069,49,3,6,2,1,2025-02-04,ASIGNADA
2070,49,3,1,2,1,2025-02-09,NO_ELEGIBLE
2071,49,3,2,2,1,2025-02-03,ASIGNADA
2072,49,3,9,2,1,2025-02-08,ASIGNADA
2073,77,3,8,1,1,2025-02-01,ASIGNADA
2074,77,3,7,2,1,2025-02-06,ASIGNADA
2075,77,3,2,1,3,2025-02-03,ASIGNADA
2076,77,3,5,1,3,2025-02-04,ASIGNADA
2077,122,3,9,1,3,2025-02-11,ASIGNADA
2078,122,3,1,1,1,2025-02-05,SIN_CUPO
2079,122,3,2,1,2,2025-02-11,ASIGNADA
2080,122,3,7,3,2,2025-02-08,ASIGNADA
2081,95,3,1,2,1,2025-02-01,ASIGNADA
2082,95,3,6,1,1,2025-02-04,SIN_CUPO
2083,95,3,2,1,3,2025-02-06,ASIGNADA
2084,95,3,8,2,1,2025-02-02,ASIGNADA
2085,53,3,7,1,3,2025-02-10,ASIGNADA
2086,53,3,1,2,1,2025-02-05,ASIGNADA
2087,53,3,6,1,1,2025-02-01,SIN_CUPO
2088,53,3,9,1,1,2025-02-03,SIN_CUPO
2089,4,3,7,1,1,2025-02-06,ASIGNADA
2090,4,3,5,1,1,2025-02-01,SIN_CUPO
2091,4,3,6,1,2,2025-02-09,ASIGNADA
2092,4,3,4,1,1,2025-02-08,ASIGNADA
2093,131,3,6,1,3,2025-02-02,ASIGNADA
2094,131,3,4,2,3,2025-02-05,ASIGNADA
2095,131,3,1,2,1,2025-02-10,ASIGNADA
2096,131,3,3,1,3,2025-02-01,ASIGNADA
2097,113,3,3,1,3,2025-02-03,ASIGNADA
2098,113,3,1,1,3,2025-02-11,ASIGNADA
2099,113,3,7,1,2,2025-02-04,ASIGNADA
2100,113,3,4,1,1,2025-02-04,ASIGNADA
2101,19,3,3,2,1,2025-02-07,ASIGNADA
2102,19,3,8,1,2,2025-02-04,ASIGNADA
2103,19,3,5,2,1,2025-02-01,ASIGNADA
2104,19,3,6,2,3,2025-02-02,ASIGNADA
2105,76,3,7,2,2,2025-02-08,ASIGNADA
2106,76,3,8,1,2,2025-02-07,ASIGNADA
2107,76,3,9,1,1,2025-02-09,SIN_CUPO
2108,76,3,3,2,1,2025-02-03,ASIGNADA
2109,118,3,8,1,1,2025-02-09,ASIGNADA
2110,118,3,3,1,1,2025-02-04,ASIGNADA
2111,118,3,7,1,1,2025-02-05,ASIGNADA
2112,118,3,9,1,1,2025-02-01,SIN_CUPO
2113,133,3,1,1,1,2025-02-07,SIN_CUPO
2114,133,3,6,2,2,2025-02-01,ASIGNADA
2115,133,3,4,2,1,2025-02-08,ASIGNADA
2116,133,3,7,1,1,2025-02-11,SIN_CUPO
2117,112,3,8,2,1,2025-02-05,ASIGNADA
2118,112,3,4,3,1,2025-02-01,ASIGNADA
2119,112,3,9,1,2,2025-02-10,ASIGNADA
2120,112,3,1,1,1,2025-02-02,SIN_CUPO
2121,84,3,2,2,2,2025-02-06,ASIGNADA
2122,84,3,9,1,2,2025-02-04,ASIGNADA
2123,84,3,1,2,1,2025-02-10,ASIGNADA
2124,84,3,8,1,1,2025-02-05,ASIGNADA
2125,123,3,9,3,1,2025-02-01,ASIGNADA
2126,123,3,3,2,1,2025-02-11,ASIGNADA
2127,123,3,4,2,1,2025-02-09,ASIGNADA
2128,123,3,2,2,3,2025-02-02,ASIGNADA
2129,217,3,5,1,1,2025-02-09,SIN_CUPO
2130,217,3,7,1,1,2025-02-02,SIN_CUPO
2131,217,3,6,1,1,2025-02-08,SIN_CUPO
2132,217,3,1,1,1,2025-02-01,SIN_CUPO
2133,64,3,5,1,1,2025-02-11,SIN_CUPO
2134,64,3,4,1,2,2025-02-05,ASIGNADA
2135,64,3,1,1,1,2025-02-09,SIN_CUPO
2136,64,3,8,1,2,2025-02-10,ASIGNADA
2137,197,3,2,1,1,2025-02-03,SIN_CUPO
2138,197,3,5,2,2,2025-02-08,ASIGNADA
2139,197,3,7,1,1,2025-02-08,SIN_CUPO
2140,197,3,4,1,1,2025-02-04,ASIGNADA
2141,136,3,8,1,1,2025-02-10,SIN_CUPO
2142,136,3,7,1,1,2025-02-07,SIN_CUPO
2143,136,3,5,1,1,2025-02-07,SIN_CUPO
2144,136,3,4,1,1,2025-02-10,SIN_CUPO
2145,236,3,1,1,1,2025-02-07,SIN_CUPO
2146,236,3,3,1,2,2025-02-02,ASIGNADA
2147,236,3,8,2,2,2025-02-09,ASIGNADA
2148,236,3,7,3,1,2025-02-02,ASIGNADA
2149,183,3,4,1,1,2025-02-10,NO_ELEGIBLE
2150,183,3,1,1,1,2025-02-10,SIN_CUPO
2151,183,3,6,3,1,2025-02-10,ASIGNADA
2152,183,3,5,2,1,2025-02-04,ASIGNADA
2153,17,3,6,1,1,2025-02-06,SIN_CUPO
2154,17,3,4,1,1,2025-02-09,SIN_CUPO
2155,17,3,1,3,1,2025-02-02,ASIGNADA
2156,17,3,2,1,3,2025-02-04,ASIGNADA
2157,146,3,3,1,1,2025-02-08,ASIGNADA
2158,146,3,4,3,2,2025-02-07,ASIGNADA
2159,146,3,2,1,2,2025-02-07,ASIGNADA
2160,146,3,5,2,1,2025-02-08,ASIGNADA
2161,135,3,9,2,2,2025-02-09,ASIGNADA
2162,135,3,5,1,1,2025-02-01,SIN_CUPO
2163,135,3,3,3,2,2025-02-03,ASIGNADA
2164,135,3,2,3,1,2025-02-02,ASIGNADA
2165,162,3,8,1,3,2025-02-06,ASIGNADA
2166,162,3,9,1,2,2025-02-09,ASIGNADA
2167,162,3,6,1,2,2025-02-07,ASIGNADA
2168,162,3,2,1,2,2025-02-01,ASIGNADA
2169,125,3,6,3,3,2025-02-04,ASIGNADA
2170,125,3,8,3,2,2025-02-06,ASIGNADA
2171,125,3,7,1,2,2025-02-01,ASIGNADA
2172,125,3,4,2,1,2025-02-01,ASIGNADA
2173,115,3,5,1,2,2025-02-09,ASIGNADA
2174,115,3,7,1,1,2025-02-11,SIN_CUPO
2175,115,3,3,2,1,2025-02-01,ASIGNADA
2176,115,3,9,3,1,2025-02-10,ASIGNADA
2177,55,3,1,1,1,2025-02-04,SIN_CUPO
2178,55,3,3,1,3,2025-02-01,ASIGNADA
2179,55,3,8,1,1,2025-02-02,SIN_CUPO
2180,55,3,7,3,1,2025-02-01,ASIGNADA
2181,11,3,9,3,2,2025-02-04,DESISTIDA
2182,11,3,8,2,2,2025-02-10,ASIGNADA
2183,11,3,6,3,1,2025-02-03,ASIGNADA
2184,11,3,2,3,1,2025-02-02,ASIGNADA
2185,71,3,6,1,1,2025-02-11,SIN_CUPO
2186,71,3,1,1,1,2025-02-09,NO_ELEGIBLE
2187,71,3,2,2,2,2025-02-10,ASIGNADA
2188,71,3,7,1,1,2025-02-07,SIN_CUPO
2189,134,3,2,1,2,2025-02-07,ASIGNADA
2190,134,3,5,1,2,2025-02-05,ASIGNADA
2191,134,3,6,1,3,2025-02-01,ASIGNADA
2192,134,3,8,1,1,2025-02-11,SIN_CUPO
2193,92,3,6,3,1,2025-02-04,ASIGNADA
2194,92,3,2,3,1,2025-02-08,ASIGNADA
2195,92,3,7,1,1,2025-02-04,SIN_CUPO
2196,92,3,9,3,1,2025-02-11,ASIGNADA
2197,191,3,7,1,1,2025-02-03,SIN_CUPO
2198,191,3,9,1,1,2025-02-11,SIN_CUPO
2199,191,3,5,1,2,2025-02-06,ASIGNADA
2200,191,3,1,2,2,2025-02-02,ASIGNADA
2201,116,3,8,1,1,2025-02-11,SIN_CUPO
2202,116,3,1,2,3,2025-02-08,ASIGNADA
2203,116,3,6,1,3,2025-02-04,ASIGNADA
2204,116,3,9,1,2,2025-02-04,ASIGNADA
2205,119,3,8,2,1,2025-02-03,DESISTIDA
2206,119,3,9,1,1,2025-02-11,SIN_CUPO
2207,119,3,7,1,1,2025-02-01,SIN_CUPO
2208,119,3,1,2,3,2025-02-07,ASIGNADA
2209,97,3,6,1,2,2025-02-11,ASIGNADA
2210,97,3,8,1,1,2025-02-09,SIN_CUPO
2211,97,3,9,1,2,2025-02-05,ASIGNADA
2212,97,3,5,1,1,2025-02-11,SIN_CUPO
2213,128,3,6,1,1,2025-02-06,SIN_CUPO
2214,128,3,2,1,2,2025-02-11,ASIGNADA
2215,128,3,5,2,1,2025-02-07,ASIGNADA
2216,128,3,7,1,1,2025-02-03,SIN_CUPO
2217,164,3,8,1,1,2025-02-07,SIN_CUPO
2218,164,3,1,3,1,2025-02-02,ASIGNADA
2219,164,3,5,1,1,2025-02-01,SIN_CUPO
2220,164,3,3,1,2,2025-02-10,ASIGNADA
2221,9,3,9,1,1,2025-02-02,SIN_CUPO
2222,9,3,4,2,1,2025-02-01,ASIGNADA
2223,9,3,2,1,2,2025-02-11,ASIGNADA
2224,9,3,1,1,1,2025-02-05,SIN_CUPO
2225,82,3,7,1,3,2025-02-10,ASIGNADA
2226,82,3,6,1,1,2025-02-05,SIN_CUPO
2227,82,3,5,1,1,2025-02-05,SIN_CUPO
2228,82,3,2,2,1,2025-02-07,ASIGNADA
2229,20,3,8,1,2,2025-02-09,ASIGNADA
2230,20,3,2,3,3,2025-02-08,ASIGNADA
2231,20,3,7,3,1,2025-02-02,NO_ELEGIBLE
2232,20,3,6,1,2,2025-02-03,ASIGNADA
2233,167,3,2,3,1,2025-02-06,ASIGNADA
2234,167,3,1,1,1,2025-02-02,NO_ELEGIBLE
2235,167,3,7,2,3,2025-02-02,DESISTIDA
2236,167,3,8,1,3,2025-02-09,ASIGNADA
2237,234,3,3,3,1,2025-02-06,ASIGNADA
2238,234,3,9,1,1,2025-02-11,SIN_CUPO
2239,234,3,6,1,1,2025-02-02,SIN_CUPO
2240,234,3,2,3,1,2025-02-01,ASIGNADA
2241,204,3,2,3,3,2025-02-05,ASIGNADA
2242,204,3,1,1,1,2025-02-09,NO_ELEGIBLE
2243,204,3,7,3,2,2025-02-09,ASIGNADA
2244,204,3,4,1,1,2025-02-04,SIN_CUPO
2245,142,3,1,2,1,2025-02-11,ASIGNADA
2246,142,3,4,2,1,2025-02-08,ASIGNADA
2247,142,3,2,1,1,2025-02-03,SIN_CUPO
2248,142,3,8,2,2,2025-02-10,ASIGNADA
2249,176,3,7,1,3,2025-02-08,ASIGNADA
2250,176,3,3,1,2,2025-02-04,ASIGNADA
2251,176,3,8,3,2,2025-02-08,ASIGNADA
2252,176,3,4,1,1,2025-02-05,SIN_CUPO
2253,33,3,6,1,1,2025-02-02,DESISTIDA
2254,33,3,7,1,2,2025-02-08,ASIGNADA
2255,33,3,5,2,3,2025-02-06,ASIGNADA
2256,33,3,3,1,2,2025-02-11,ASIGNADA
2257,216,3,4,1,2,2025-02-05,ASIGNADA
2258,216,3,8,2,2,2025-02-04,ASIGNADA
2259,216,3,9,1,1,2025-02-10,SIN_CUPO
2260,216,3,5,1,2,2025-02-11,NO_ELEGIBLE
2261,98,3,7,3,1,2025-02-10,ASIGNADA
2262,98,3,8,1,1,2025-02-02,SIN_CUPO
2263,98,3,3,1,2,2025-02-05,ASIGNADA
2264,98,3,5,1,1,2025-02-11,SIN_CUPO
2265,194,3,3,3,2,2025-02-09,ASIGNADA
2266,194,3,7,1,3,2025-02-01,ASIGNADA
2267,194,3,5,1,1,2025-02-09,SIN_CUPO
2268,194,3,1,1,2,2025-02-02,ASIGNADA
2269,81,3,4,1,1,2025-02-03,SIN_CUPO
2270,81,3,9,1,1,2025-02-03,SIN_CUPO
2271,81,3,2,1,2,2025-02-02,DESISTIDA
2272,81,3,6,1,1,2025-02-05,SIN_CUPO
2273,88,3,3,1,1,2025-02-05,SIN_CUPO
2274,88,3,4,1,1,2025-02-07,SIN_CUPO
2275,88,3,1,2,2,2025-02-02,ASIGNADA
2276,88,3,5,1,2,2025-02-10,ASIGNADA
2277,159,3,4,1,2,2025-02-07,ASIGNADA
2278,159,3,3,1,3,2025-02-03,ASIGNADA
2279,159,3,9,2,2,2025-02-03,DESISTIDA
2280,159,3,7,3,1,2025-02-01,ASIGNADA
2281,65,3,3,2,3,2025-02-08,ASIGNADA
2282,65,3,5,1,2,2025-02-01,DESISTIDA
2283,65,3,8,2,3,2025-02-08,ASIGNADA
2284,65,3,4,2,2,2025-02-08,ASIGNADA
2285,47,3,1,1,2,2025-02-03,ASIGNADA
2286,47,3,2,3,2,2025-02-07,ASIGNADA
2287,47,3,7,3,3,2025-02-09,ASIGNADA
2288,47,3,8,2,2,2025-02-06,ASIGNADA
2289,1,3,5,1,1,2025-02-04,SIN_CUPO
2290,1,3,9,1,1,2025-02-01,SIN_CUPO
2291,1,3,3,1,1,2025-02-06,SIN_CUPO
2292,1,3,4,2,1,2025-02-01,ASIGNADA
2293,169,3,3,1,3,2025-02-08,ASIGNADA
2294,169,3,7,2,3,2025-02-09,ASIGNADA
2295,169,3,6,1,2,2025-02-01,ASIGNADA
2296,169,3,1,2,2,2025-02-02,ASIGNADA
2297,143,3,1,2,2,2025-02-06,ASIGNADA
2298,143,3,3,1,3,2025-02-01,ASIGNADA
2299,143,3,2,1,1,2025-02-10,SIN_CUPO
2300,143,3,6,2,3,2025-02-03,ASIGNADA
2301,42,3,1,2,3,2025-02-07,NO_ELEGIBLE
2302,42,3,2,2,1,2025-02-10,ASIGNADA
2303,42,3,9,1,1,2025-02-01,SIN_CUPO
2304,42,3,7,1,1,2025-02-06,SIN_CUPO
2305,46,3,9,1,2,2025-02-10,ASIGNADA
2306,46,3,6,1,2,2025-02-09,ASIGNADA
2307,46,3,4,1,2,2025-02-11,ASIGNADA
2308,46,3,3,2,1,2025-02-05,ASIGNADA
2309,235,3,4,2,1,2025-02-04,ASIGNADA
2310,235,3,8,2,1,2025-02-08,ASIGNADA
2311,235,3,1,3,2,2025-02-08,ASIGNADA
2312,235,3,5,1,1,2025-02-03,SIN_CUPO
2313,202,3,7,1,2,2025-02-07,ASIGNADA
2314,202,3,5,2,1,2025-02-01,ASIGNADA
2315,202,3,1,1,1,2025-02-03,SIN_CUPO
2316,202,3,8,2,2,2025-02-10,ASIGNADA
2317,210,3,7,1,2,2025-02-05,ASIGNADA
2318,210,3,8,3,2,2025-02-07,ASIGNADA
2319,210,3,3,3,1,2025-02-11,ASIGNADA
2320,210,3,2,1,1,2025-02-06,SIN_CUPO
2321,69,3,6,2,2,2025-02-05,ASIGNADA
2322,69,3,9,1,1,2025-02-07,SIN_CUPO
2323,69,3,4,1,2,2025-02-01,ASIGNADA
2324,69,3,1,2,1,2025-02-05,ASIGNADA
2325,147,3,2,1,1,2025-02-03,SIN_CUPO
2326,147,3,3,1,1,2025-02-03,SIN_CUPO
2327,147,3,9,1,1,2025-02-08,SIN_CUPO
2328,147,3,7,1,1,2025-02-11,SIN_CUPO
2329,75,3,6,1,3,2025-02-05,ASIGNADA
2330,75,3,5,1,1,2025-02-09,SIN_CUPO
2331,75,3,3,1,3,2025-02-08,ASIGNADA
2332,75,3,4,3,3,2025-02-02,NO_ELEGIBLE
2333,138,3,8,1,1,2025-02-10,DESISTIDA
2334,138,3,7,1,1,2025-02-06,SIN_CUPO
2335,138,3,9,1,1,2025-02-11,SIN_CUPO
2336,138,3,5,2,1,2025-02-11,ASIGNADA
2337,36,3,5,1,2,2025-02-06,ASIGNADA
2338,36,3,3,1,2,2025-02-10,ASIGNADA
2339,36,3,8,1,1,2025-02-03,SIN_CUPO
2340,36,3,2,1,1,2025-02-01,SIN_CUPO
2341,57,3,6,3,1,2025-02-06,ASIGNADA
2342,57,3,8,1,1,2025-02-05,SIN_CUPO
2343,57,3,7,3,1,2025-02-08,ASIGNADA
2344,57,3,2,2,3,2025-02-08,ASIGNADA
2345,86,3,3,3,2,2025-02-11,ASIGNADA
2346,86,3,4,1,3,2025-02-03,ASIGNADA
2347,86,3,7,3,1,2025-02-01,DESISTIDA
2348,86,3,9,1,2,2025-02-04,ASIGNADA
2349,148,3,3,1,2,2025-02-10,DESISTIDA
2350,148,3,6,2,1,2025-02-07,ASIGNADA
2351,148,3,8,3,2,2025-02-01,ASIGNADA
2352,148,3,1,1,1,2025-02-09,SIN_CUPO
2353,85,3,4,3,1,2025-02-09,NO_ELEGIBLE
2354,85,3,3,3,2,2025-02-08,NO_ELEGIBLE
2355,85,3,2,2,1,2025-02-11,ASIGNADA
2356,85,3,1,1,3,2025-02-05,ASIGNADA
2357,61,3,7,2,1,2025-02-02,ASIGNADA
2358,61,3,4,2,2,2025-02-09,ASIGNADA
2359,61,3,1,2,1,2025-02-08,ASIGNADA
2360,61,3,2,1,2,2025-02-06,ASIGNADA
2361,193,3,5,1,1,2025-02-06,SIN_CUPO
2362,193,3,9,3,1,2025-02-11,ASIGNADA
2363,193,3,3,1,1,2025-02-08,SIN_CUPO
2364,193,3,2,2,3,2025-02-10,DESISTIDA
2365,141,3,7,2,1,2025-02-01,ASIGNADA
2366,141,3,6,1,1,2025-02-11,SIN_CUPO
2367,141,3,3,1,1,2025-02-11,SIN_CUPO
2368,141,3,5,2,2,2025-02-01,ASIGNADA
2369,187,3,9,3,1,2025-02-03,DESISTIDA
2370,187,3,2,2,2,2025-02-05,ASIGNADA
2371,187,3,4,1,2,2025-02-04,ASIGNADA
2372,187,3,5,3,1,2025-02-01,ASIGNADA
2373,240,3,9,3,1,2025-02-11,NO_ELEGIBLE
2374,240,3,3,3,2,2025-02-06,ASIGNADA
2375,240,3,1,2,2,2025-02-05,ASIGNADA
2376,240,3,2,1,1,2025-02-10,SIN_CUPO
2377,186,3,9,2,1,2025-02-08,ASIGNADA
2378,186,3,4,1,1,2025-02-07,SIN_CUPO
2379,186,3,5,1,3,2025-02-07,ASIGNADA
2380,186,3,6,2,3,2025-02-06,ASIGNADA
2381,150,3,1,1,1,2025-02-11,SIN_CUPO
2382,150,3,2,1,1,2025-02-05,DESISTIDA
2383,150,3,5,1,2,2025-02-09,ASIGNADA
2384,150,3,7,1,2,2025-02-03,ASIGNADA
2385,185,3,1,3,1,2025-02-08,ASIGNADA
2386,185,3,4,3,1,2025-02-06,ASIGNADA
2387,185,3,6,1,1,2025-02-09,SIN_CUPO
2388,185,3,9,2,1,2025-02-05,ASIGNADA
2389,177,3,9,1,3,2025-02-08,ASIGNADA
2390,177,3,8,2,1,2025-02-08,ASIGNADA
2391,177,3,1,1,1,2025-02-08,NO_ELEGIBLE
2392,177,3,3,1,1,2025-02-11,SIN_CUPO
2393,155,3,3,1,1,2025-02-10,SIN_CUPO
2394,155,3,9,1,1,2025-02-10,SIN_CUPO
2395,155,3,8,3,1,2025-02-09,ASIGNADA
2396,155,3,1,1,2,2025-02-05,NO_ELEGIBLE
2397,50,3,8,1,2,2025-02-10,ASIGNADA
2398,50,3,7,1,2,2025-02-01,ASIGNADA
2399,50,3,4,1,1,2025-02-08,SIN_CUPO
2400,50,3,6,1,2,2025-02-01,ASIGNADA
2401,93,3,4,3,1,2025-02-01,ASIGNADA
2402,93,3,7,1,1,2025-02-06,SIN_CUPO
2403,93,3,8,1,1,2025-02-06,SIN_CUPO
2404,93,3,6,1,1,2025-02-04,SIN_CUPO
2405,80,3,3,3,3,2025-02-09,ASIGNADA
2406,80,3,9,1,1,2025-02-09,SIN_CUPO
2407,80,3,1,3,2,2025-02-09,ASIGNADA
2408,80,3,7,1,1,2025-02-10,SIN_CUPO
2409,90,3,4,2,2,2025-02-06,ASIGNADA
2410,90,3,8,1,2,2025-02-08,ASIGNADA
2411,90,3,2,1,3,2025-02-03,ASIGNADA
2412,90,3,3,1,1,2025-02-04,SIN_CUPO
2413,196,3,6,3,2,2025-02-04,ASIGNADA
2414,196,3,1,1,1,2025-02-07,SIN_CUPO
2415,196,3,8,1,1,2025-02-05,SIN_CUPO
2416,196,3,7,1,2,2025-02-05,NO_ELEGIBLE
2417,232,3,4,1,1,2025-02-01,SIN_CUPO
2418,232,3,1,2,1,2025-02-11,SIN_CUPO
2419,232,3,9,1,3,2025-02-07,ASIGNADA
2420,232,3,8,1,1,2025-02-01,SIN_CUPO
2421,213,3,1,1,1,2025-02-05,SIN_CUPO
2422,213,3,8,2,2,2025-02-09,ASIGNADA
2423,213,3,2,2,2,2025-02-04,ASIGNADA
2424,213,3,3,3,1,2025-02-05,ASIGNADA
2425,13,3,3,1,2,2025-02-03,ASIGNADA
2426,13,3,9,2,2,2025-02-02,ASIGNADA
2427,13,3,4,1,3,2025-02-01,ASIGNADA
2428,13,3,1,1,2,2025-02-09,ASIGNADA
2429,100,3,3,1,1,2025-02-08,SIN_CUPO
2430,100,3,4,1,1,2025-02-08,SIN_CUPO
2431,100,3,6,1,1,2025-02-04,SIN_CUPO
2432,100,3,8,1,1,2025-02-08,SIN_CUPO
2433,161,3,4,1,3,2025-02-08,ASIGNADA
2434,161,3,3,1,1,2025-02-04,SIN_CUPO
2435,161,3,5,3,1,2025-02-11,ASIGNADA
2436,161,3,2,1,2,2025-02-06,ASIGNADA
2437,79,3,9,1,3,2025-02-05,ASIGNADA
2438,79,3,8,1,1,2025-02-10,SIN_CUPO
2439,79,3,3,3,1,2025-02-08,DESISTIDA
2440,79,3,2,2,1,2025-02-04,ASIGNADA
2441,23,3,1,2,2,2025-02-07,ASIGNADA
2442,23,3,3,1,1,2025-02-07,SIN_CUPO
2443,23,3,7,1,3,2025-02-02,ASIGNADA
2444,23,3,4,1,1,2025-02-11,SIN_CUPO
2445,238,3,5,2,1,2025-02-04,ASIGNADA
2446,238,3,7,2,2,2025-02-05,ASIGNADA
2447,238,3,3,3,1,2025-02-04,ASIGNADA
2448,238,3,8,1,1,2025-02-10,SIN_CUPO
2449,39,3,6,1,3,2025-02-01,ASIGNADA
2450,39,3,9,1,1,2025-02-11,SIN_CUPO
2451,39,3,5,2,3,2025-02-06,ASIGNADA
2452,39,3,3,1,1,2025-02-11,SIN_CUPO
2453,178,3,7,3,1,2025-02-04,ASIGNADA
2454,178,3,8,1,2,2025-02-06,DESISTIDA
2455,178,3,5,1,3,2025-02-01,ASIGNADA
2456,178,3,6,2,1,2025-02-02,ASIGNADA
2457,166,3,1,3,1,2025-02-05,ASIGNADA
2458,166,3,5,1,1,2025-02-02,SIN_CUPO
2459,166,3,6,2,1,2025-02-04,ASIGNADA
2460,166,3,2,2,1,2025-02-10,ASIGNADA
2461,233,3,3,1,3,2025-02-06,ASIGNADA
2462,233,3,1,2,3,2025-02-06,ASIGNADA
2463,233,3,4,1,1,2025-02-11,SIN_CUPO
2464,233,3,9,1,2,2025-02-09,DESISTIDA
2465,140,3,1,1,1,2025-02-09,SIN_CUPO
2466,140,3,8,1,1,2025-02-08,SIN_CUPO
2467,140,3,7,3,1,2025-02-07,ASIGNADA
2468,140,3,5,2,1,2025-02-02,ASIGNADA
2469,2,3,9,2,2,2025-02-10,ASIGNADA
2470,2,3,2,3,2,2025-02-10,ASIGNADA
2471,2,3,6,3,1,2025-02-02,ASIGNADA
2472,2,3,5,1,1,2025-02-03,SIN_CUPO
2473,60,3,7,3,2,2025-02-07,ASIGNADA
2474,60,3,6,1,1,2025-02-07,SIN_CUPO
2475,60,3,2,2,2,2025-02-10,ASIGNADA
2476,60,3,5,1,2,2025-02-11,NO_ELEGIBLE
2477,184,3,9,2,2,2025-02-05,ASIGNADA
2478,184,3,1,2,2,2025-02-08,ASIGNADA
2479,184,3,8,1,1,2025-02-05,SIN_CUPO
2480,184,3,7,1,3,2025-02-01,NO_ELEGIBLE
2481,223,3,3,1,2,2025-02-08,ASIGNADA
2482,223,3,8,1,1,2025-02-02,SIN_CUPO
2483,223,3,4,1,3,2025-02-06,ASIGNADA
2484,223,3,1,3,2,2025-02-09,ASIGNADA
2485,70,3,2,1,2,2025-02-02,ASIGNADA
2486,70,3,6,1,2,2025-02-02,SIN_CUPO
2487,70,3,4,2,3,2025-02-05,DESISTIDA
2488,70,3,3,1,1,2025-02-11,SIN_CUPO
2489,145,3,5,1,2,2025-02-06,ASIGNADA
2490,145,3,2,1,2,2025-02-09,SIN_CUPO
2491,145,3,8,1,1,2025-02-02,SIN_CUPO
2492,145,3,6,1,1,2025-02-07,SIN_CUPO
2493,63,3,6,2,2,2025-02-02,ASIGNADA
2494,63,3,1,1,2,2025-02-09,ASIGNADA
2495,63,3,3,1,1,2025-02-09,SIN_CUPO
2496,63,3,7,1,1,2025-02-08,SIN_CUPO
2497,5,3,9,2,3,2025-02-06,ASIGNADA
2498,5,3,2,1,1,2025-02-06,SIN_CUPO
2499,5,3,1,1,1,2025-02-01,SIN_CUPO
2500,5,3,5,1,1,2025-02-03,SIN_CUPO
2501,154,3,3,3,1,2025-02-04,ASIGNADA
2502,154,3,4,1,2,2025-02-11,NO_ELEGIBLE
2503,154,3,8,2,1,2025-02-07,ASIGNADA
2504,154,3,5,2,2,2025-02-08,ASIGNADA
2505,160,3,8,3,2,2025-02-03,ASIGNADA
2506,160,3,2,1,1,2025-02-08,SIN_CUPO
2507,160,3,9,1,1,2025-02-02,SIN_CUPO
2508,160,3,5,2,3,2025-02-05,ASIGNADA
2509,158,3,9,1,3,2025-02-01,ASIGNADA
2510,158,3,5,1,2,2025-02-01,ASIGNADA
2511,158,3,1,2,1,2025-02-01,SIN_CUPO
2512,158,3,8,1,1,2025-02-06,SIN_CUPO
2513,14,3,9,1,1,2025-02-10,SIN_CUPO
2514,14,3,2,2,1,2025-02-06,ASIGNADA
2515,14,3,5,1,3,2025-02-02,ASIGNADA
2516,14,3,4,2,1,2025-02-10,ASIGNADA
2517,15,3,6,1,2,2025-02-10,SIN_CUPO
2518,15,3,8,2,1,2025-02-11,ASIGNADA
2519,15,3,1,2,1,2025-02-07,SIN_CUPO
2520,15,3,9,1,3,2025-02-08,ASIGNADA
2521,59,3,6,2,1,2025-02-05,ASIGNADA
2522,59,3,4,2,2,2025-02-08,ASIGNADA
2523,59,3,1,1,2,2025-02-07,ASIGNADA
2524,59,3,2,1,1,2025-02-07,SIN_CUPO
2525,110,3,3,2,2,2025-02-10,ASIGNADA
2526,110,3,9,1,2,2025-02-04,ASIGNADA
2527,110,3,4,1,1,2025-02-10,SIN_CUPO
2528,110,3,5,1,1,2025-02-09,SIN_CUPO
2529,27,3,4,2,1,2025-02-06,ASIGNADA
2530,27,3,1,2,1,2025-02-07,SIN_CUPO
2531,27,3,8,2,3,2025-02-02,ASIGNADA
2532,27,3,6,1,1,2025-02-03,SIN_CUPO
2533,198,3,6,1,1,2025-02-02,SIN_CUPO
2534,198,3,5,1,3,2025-02-09,ASIGNADA
2535,198,3,1,1,1,2025-02-10,SIN_CUPO
2536,198,3,8,3,2,2025-02-03,ASIGNADA
2537,163,3,7,1,3,2025-02-05,ASIGNADA
2538,163,3,8,1,1,2025-02-11,DESISTIDA
2539,163,3,6,2,2,2025-02-02,ASIGNADA
2540,163,3,5,2,1,2025-02-08,ASIGNADA
2541,195,3,3,1,1,2025-02-03,NO_ELEGIBLE
2542,195,3,6,1,2,2025-02-10,SIN_CUPO
2543,195,3,2,1,3,2025-02-01,NO_ELEGIBLE
2544,195,3,1,1,1,2025-02-01,SIN_CUPO
2545,190,3,4,2,1,2025-02-11,ASIGNADA
2546,190,3,8,1,3,2025-02-09,ASIGNADA
2547,190,3,1,1,3,2025-02-02,ASIGNADA
2548,190,3,3,1,2,2025-02-03,ASIGNADA
2549,226,3,2,1,1,2025-02-05,SIN_CUPO
2550,226,3,5,1,2,2025-02-09,ASIGNADA
2551,226,3,8,1,2,2025-02-07,ASIGNADA
2552,226,3,1,1,1,2025-02-07,SIN_CUPO
2553,218,3,3,1,2,2025-02-02,SIN_CUPO
2554,218,3,4,2,1,2025-02-11,ASIGNADA
2555,218,3,6,2,1,2025-02-04,ASIGNADA
2556,218,3,2,1,1,2025-02-01,SIN_CUPO
2557,228,3,2,1,1,2025-02-09,SIN_CUPO
2558,228,3,5,1,1,2025-02-05,SIN_CUPO
2559,228,3,9,1,1,2025-02-11,SIN_CUPO
2560,228,3,1,1,2,2025-02-05,ASIGNADA
2561,29,3,8,1,2,2025-02-02,ASIGNADA
2562,29,3,6,2,1,2025-02-06,SIN_CUPO
2563,29,3,5,3,1,2025-02-08,ASIGNADA
2564,29,3,2,3,3,2025-02-06,ASIGNADA
2565,171,3,7,1,3,2025-02-02,ASIGNADA
2566,171,3,8,2,2,2025-02-03,NO_ELEGIBLE
2567,171,3,5,1,1,2025-02-06,SIN_CUPO
2568,171,3,3,1,2,2025-02-07,SIN_CUPO
2569,67,3,5,1,1,2025-02-05,SIN_CUPO
2570,67,3,3,1,2,2025-02-06,SIN_CUPO
2571,67,3,7,1,2,2025-02-06,ASIGNADA
2572,67,3,4,2,1,2025-02-06,NO_ELEGIBLE
2573,127,3,2,1,2,2025-02-02,SIN_CUPO
2574,127,3,7,2,2,2025-02-08,ASIGNADA
2575,127,3,6,1,1,2025-02-06,SIN_CUPO
2576,127,3,5,2,1,2025-02-09,ASIGNADA
2577,130,3,7,1,2,2025-02-01,ASIGNADA
2578,130,3,8,2,3,2025-02-02,ASIGNADA
2579,130,3,4,1,3,2025-02-02,ASIGNADA
2580,130,3,5,2,2,2025-02-09,ASIGNADA
2581,105,3,5,3,2,2025-02-02,ASIGNADA
2582,105,3,4,2,1,2025-02-01,ASIGNADA
2583,105,3,1,1,1,2025-02-06,SIN_CUPO
2584,105,3,8,2,1,2025-02-08,DESISTIDA
2585,62,3,9,1,3,2025-02-03,ASIGNADA
2586,62,3,8,2,2,2025-02-06,ASIGNADA
2587,62,3,3,3,1,2025-02-10,ASIGNADA
2588,62,3,5,2,3,2025-02-11,ASIGNADA
2589,192,3,7,2,1,2025-02-08,ASIGNADA
2590,192,3,1,1,3,2025-02-08,ASIGNADA
2591,192,3,3,2,1,2025-02-10,ASIGNADA
2592,192,3,5,1,1,2025-02-08,SIN_CUPO
2593,21,3,5,1,1,2025-02-04,SIN_CUPO
2594,21,3,2,3,1,2025-02-09,ASIGNADA
2595,21,3,3,1,3,2025-02-01,ASIGNADA
2596,21,3,4,3,1,2025-02-08,ASIGNADA
2597,179,3,1,2,1,2025-02-08,SIN_CUPO
2598,179,3,5,2,1,2025-02-08,ASIGNADA
2599,179,3,9,3,2,2025-02-10,ASIGNADA
2600,179,3,4,1,2,2025-02-04,ASIGNADA
2601,48,3,8,2,1,2025-02-08,ASIGNADA
2602,48,3,4,2,2,2025-02-02,ASIGNADA
2603,48,3,1,3,2,2025-02-05,ASIGNADA
2604,48,3,2,1,1,2025-02-05,SIN_CUPO
2605,114,3,4,1,2,2025-02-11,ASIGNADA
2606,114,3,7,1,3,2025-02-07,ASIGNADA
2607,114,3,6,1,1,2025-02-09,SIN_CUPO
2608,114,3,8,1,1,2025-02-08,SIN_CUPO
2609,109,3,8,1,1,2025-02-09,SIN_CUPO
2610,109,3,2,2,1,2025-02-01,SIN_CUPO
2611,109,3,9,1,1,2025-02-07,DESISTIDA
2612,109,3,1,2,1,2025-02-04,SIN_CUPO
2613,175,3,7,2,2,2025-02-07,ASIGNADA
2614,175,3,8,2,1,2025-02-01,ASIGNADA
2615,175,3,3,1,1,2025-02-07,SIN_CUPO
2616,175,3,4,1,2,2025-02-08,ASIGNADA
2617,78,3,6,1,1,2025-02-08,SIN_CUPO
2618,78,3,7,2,3,2025-02-05,ASIGNADA
2619,78,3,5,1,3,2025-02-11,ASIGNADA
2620,78,3,8,1,2,2025-02-09,ASIGNADA
2621,26,3,2,1,1,2025-02-08,SIN_CUPO
2622,26,3,4,1,1,2025-02-06,SIN_CUPO
2623,26,3,1,1,1,2025-02-10,SIN_CUPO
2624,26,3,7,3,1,2025-02-09,ASIGNADA
2625,231,3,3,2,1,2025-02-10,ASIGNADA
2626,231,3,7,1,1,2025-02-10,SIN_CUPO
2627,231,3,5,2,2,2025-02-02,ASIGNADA
2628,231,3,1,1,2,2025-02-04,ASIGNADA
2629,22,3,1,2,1,2025-02-02,NO_ELEGIBLE
2630,22,3,6,1,1,2025-02-03,NO_ELEGIBLE
2631,22,3,4,1,1,2025-02-01,SIN_CUPO
2632,22,3,9,1,3,2025-02-02,ASIGNADA
2633,139,3,2,1,1,2025-02-10,SIN_CUPO
2634,139,3,9,1,2,2025-02-03,DESISTIDA
2635,139,3,6,2,3,2025-02-11,ASIGNADA
2636,139,3,5,1,2,2025-02-07,ASIGNADA
2637,68,3,6,3,1,2025-02-05,ASIGNADA
2638,68,3,7,2,1,2025-02-09,ASIGNADA
2639,68,3,5,3,1,2025-02-01,ASIGNADA
2640,68,3,4,2,1,2025-02-03,ASIGNADA
2641,35,3,8,2,1,2025-02-05,SIN_CUPO
2642,35,3,1,1,3,2025-02-01,ASIGNADA
2643,35,3,6,1,1,2025-02-09,SIN_CUPO
2644,35,3,4,2,2,2025-02-09,ASIGNADA
2645,8,3,6,3,2,2025-02-10,ASIGNADA
2646,8,3,2,1,2,2025-02-07,SIN_CUPO
2647,8,3,1,1,1,2025-02-06,SIN_CUPO
2648,8,3,7,1,1,2025-02-06,SIN_CUPO
2649,189,3,5,1,1,2025-02-10,SIN_CUPO
2650,189,3,1,1,1,2025-02-08,SIN_CUPO
2651,189,3,8,1,1,2025-02-07,SIN_CUPO
2652,189,3,9,2,2,2025-02-10,DESISTIDA
2653,18,3,2,1,1,2025-02-04,SIN_CUPO
2654,18,3,6,1,2,2025-02-06,SIN_CUPO
2655,18,3,8,3,3,2025-02-08,ASIGNADA
2656,18,3,5,1,1,2025-02-11,SIN_CUPO
2657,188,3,5,2,1,2025-02-03,ASIGNADA
2658,188,3,6,1,2,2025-02-01,SIN_CUPO
2659,188,3,3,1,2,2025-02-07,DESISTIDA
2660,188,3,8,2,1,2025-02-01,SIN_CUPO
2661,168,3,1,1,3,2025-02-01,ASIGNADA
2662,168,3,9,3,2,2025-02-08,ASIGNADA
2663,168,3,7,1,1,2025-02-10,SIN_CUPO
2664,168,3,8,1,1,2025-02-03,SIN_CUPO
2665,117,3,3,1,1,2025-02-02,SIN_CUPO
2666,117,3,5,3,3,2025-02-08,ASIGNADA
2667,117,3,9,2,1,2025-02-09,ASIGNADA
2668,117,3,2,3,2,2025-02-01,ASIGNADA
2669,30,3,5,3,1,2025-02-10,ASIGNADA
2670,30,3,7,1,3,2025-02-06,ASIGNADA
2671,30,3,8,3,1,2025-02-10,ASIGNADA
2672,30,3,6,2,1,2025-02-06,SIN_CUPO
2673,3,3,5,3,2,2025-02-06,ASIGNADA
2674,3,3,7,1,2,2025-02-06,ASIGNADA
2675,3,3,8,1,1,2025-02-03,SIN_CUPO
2676,3,3,6,2,2,2025-02-11,ASIGNADA
2677,83,3,3,3,1,2025-02-07,ASIGNADA
2678,83,3,2,1,1,2025-02-03,SIN_CUPO
2679,83,3,4,1,1,2025-02-01,SIN_CUPO
2680,83,3,9,1,2,2025-02-09,NO_ELEGIBLE
2681,32,3,8,1,2,2025-02-05,ASIGNADA
2682,32,3,9,1,1,2025-02-11,SIN_CUPO
2683,32,3,7,1,1,2025-02-07,NO_ELEGIBLE
2684,32,3,1,1,1,2025-02-11,SIN_CUPO
2685,212,3,7,1,1,2025-02-02,SIN_CUPO
2686,212,3,1,2,3,2025-02-11,ASIGNADA
2687,212,3,6,2,1,2025-02-05,SIN_CUPO
2688,212,3,5,1,1,2025-02-08,SIN_CUPO
2689,37,3,1,1,1,2025-02-05,DESISTIDA
2690,37,3,4,1,1,2025-02-03,SIN_CUPO
2691,37,3,5,2,1,2025-02-03,ASIGNADA
2692,37,3,6,1,3,2025-02-11,ASIGNADA
2693,24,3,1,1,1,2025-02-01,SIN_CUPO
2694,24,3,8,1,1,2025-02-03,SIN_CUPO
2695,24,3,9,1,1,2025-02-02,SIN_CUPO
2696,24,3,2,1,3,2025-02-11,ASIGNADA
2697,220,3,2,2,1,2025-02-10,SIN_CUPO
2698,220,3,7,1,1,2025-02-04,SIN_CUPO
2699,220,3,3,1,1,2025-02-03,SIN_CUPO
2700,220,3,9,1,1,2025-02-02,SIN_CUPO
2701,99,3,7,1,1,2025-02-09,SIN_CUPO
2702,99,3,8,1,2,2025-02-11,ASIGNADA
2703,99,3,9,1,1,2025-02-07,SIN_CUPO
2704,99,3,6,1,1,2025-02-02,SIN_CUPO
2705,102,3,8,1,1,2025-02-01,SIN_CUPO
2706,102,3,4,3,2,2025-02-04,ASIGNADA
2707,102,3,5,2,1,2025-02-07,ASIGNADA
2708,102,3,3,1,2,2025-02-03,SIN_CUPO
2709,152,3,1,2,1,2025-02-11,NO_ELEGIBLE
2710,152,3,7,2,2,2025-02-10,ASIGNADA
2711,152,3,4,2,2,2025-02-03,ASIGNADA
2712,152,3,9,2,1,2025-02-07,ASIGNADA
2713,43,3,9,3,1,2025-02-06,ASIGNADA
2714,43,3,3,1,1,2025-02-07,SIN_CUPO
2715,43,3,6,1,1,2025-02-09,SIN_CUPO
2716,43,3,4,1,1,2025-02-02,SIN_CUPO
2717,129,3,3,3,1,2025-02-06,DESISTIDA
2718,129,3,2,2,1,2025-02-10,DESISTIDA
2719,129,3,1,2,3,2025-02-02,ASIGNADA
2720,129,3,8,1,3,2025-02-10,ASIGNADA
2721,225,3,8,2,1,2025-02-03,SIN_CUPO
2722,225,3,2,1,1,2025-02-11,SIN_CUPO
2723,225,3,6,1,1,2025-02-10,SIN_CUPO
2724,225,3,7,2,1,2025-02-03,ASIGNADA
2725,108,3,5,1,1,2025-02-09,SIN_CUPO
2726,108,3,7,3,1,2025-02-05,ASIGNADA
2727,108,3,2,3,2,2025-02-03,DESISTIDA
2728,108,3,3,3,1,2025-02-10,ASIGNADA
2729,172,3,2,1,1,2025-02-09,SIN_CUPO
2730,172,3,5,3,1,2025-02-03,ASIGNADA
2731,172,3,9,1,1,2025-02-11,SIN_CUPO
2732,172,3,1,2,2,2025-02-01,NO_ELEGIBLE
2733,6,3,5,2,2,2025-02-02,NO_ELEGIBLE
2734,6,3,4,1,1,2025-02-07,SIN_CUPO
2735,6,3,2,1,3,2025-02-02,ASIGNADA
2736,6,3,6,1,1,2025-02-11,SIN_CUPO
2737,137,3,6,2,1,2025-02-11,SIN_CUPO
2738,137,3,7,1,2,2025-02-09,ASIGNADA
2739,137,3,5,1,1,2025-02-08,SIN_CUPO
2740,137,3,3,1,2,2025-02-09,SIN_CUPO
2741,208,3,1,1,1,2025-02-01,SIN_CUPO
2742,208,3,5,2,1,2025-02-03,ASIGNADA
2743,208,3,2,2,3,2025-02-08,ASIGNADA
2744,208,3,4,1,2,2025-02-01,ASIGNADA
2745,7,3,9,1,1,2025-02-08,DESISTIDA
2746,7,3,4,1,1,2025-02-08,SIN_CUPO
2747,7,3,3,2,1,2025-02-06,ASIGNADA
2748,7,3,2,1,1,2025-02-04,SIN_CUPO
2749,149,3,3,1,2,2025-02-03,SIN_CUPO
2750,149,3,7,3,1,2025-02-10,ASIGNADA
2751,149,3,8,1,2,2025-02-03,SIN_CUPO
2752,149,3,1,1,1,2025-02-10,SIN_CUPO
2753,222,3,2,1,2,2025-02-11,SIN_CUPO
2754,222,3,1,3,3,2025-02-10,ASIGNADA
2755,222,3,6,1,1,2025-02-03,SIN_CUPO
2756,222,3,8,1,1,2025-02-05,SIN_CUPO
2757,52,3,8,1,1,2025-02-02,SIN_CUPO
2758,52,3,3,1,2,2025-02-05,SIN_CUPO
2759,52,3,5,2,2,2025-02-07,ASIGNADA
2760,52,3,6,1,3,2025-02-10,ASIGNADA
2761,174,3,9,1,1,2025-02-06,SIN_CUPO
2762,174,3,1,1,1,2025-02-08,SIN_CUPO
2763,174,3,8,1,1,2025-02-09,SIN_CUPO
2764,174,3,4,1,2,2025-02-05,ASIGNADA
2765,207,3,9,2,1,2025-02-03,ASIGNADA
2766,207,3,2,1,2,2025-02-01,SIN_CUPO
2767,207,3,6,2,1,2025-02-03,SIN_CUPO
2768,207,3,8,1,3,2025-02-02,ASIGNADA
2769,103,3,2,1,1,2025-02-10,SIN_CUPO
2770,103,3,4,1,2,2025-02-07,ASIGNADA
2771,103,3,1,1,1,2025-02-11,SIN_CUPO
2772,103,3,7,2,1,2025-02-09,SIN_CUPO
2773,181,3,4,3,1,2025-02-09,ASIGNADA
2774,181,3,2,2,2,2025-02-07,ASIGNADA
2775,181,3,1,3,1,2025-02-07,ASIGNADA
2776,181,3,9,1,1,2025-02-09,SIN_CUPO
2777,12,3,1,3,1,2025-02-03,ASIGNADA
2778,12,3,3,1,2,2025-02-09,SIN_CUPO
2779,12,3,4,3,2,2025-02-09,ASIGNADA
2780,12,3,9,1,2,2025-02-01,SIN_CUPO
2781,209,3,9,2,3,2025-02-01,ASIGNADA
2782,209,3,5,1,1,2025-02-07,SIN_CUPO
2783,209,3,1,1,3,2025-02-06,ASIGNADA
2784,209,3,8,2,1,2025-02-07,SIN_CUPO
2785,170,3,1,2,2,2025-02-06,ASIGNADA
2786,170,3,8,1,1,2025-02-01,SIN_CUPO
2787,170,3,4,1,1,2025-02-05,DESISTIDA
2788,170,3,9,2,2,2025-02-03,ASIGNADA
2789,121,3,5,1,1,2025-02-03,NO_ELEGIBLE
2790,121,3,2,1,2,2025-02-04,SIN_CUPO
2791,121,3,6,1,1,2025-02-08,SIN_CUPO
2792,121,3,9,3,2,2025-02-03,ASIGNADA
2793,229,3,1,3,2,2025-02-08,ASIGNADA
2794,229,3,2,2,1,2025-02-01,SIN_CUPO
2795,229,3,8,1,1,2025-02-02,SIN_CUPO
2796,229,3,3,2,2,2025-02-05,ASIGNADA
2797,126,3,9,1,3,2025-02-08,ASIGNADA
2798,126,3,3,1,3,2025-02-11,SIN_CUPO
2799,126,3,6,1,2,2025-02-11,SIN_CUPO
2800,126,3,2,1,2,2025-02-02,NO_ELEGIBLE
2801,34,3,2,1,1,2025-02-08,SIN_CUPO
2802,34,3,7,1,1,2025-02-11,SIN_CUPO
2803,34,3,6,2,1,2025-02-11,SIN_CUPO
2804,34,3,8,3,1,2025-02-09,ASIGNADA
2805,239,3,5,2,1,2025-02-09,ASIGNADA
2806,239,3,3,1,1,2025-02-02,SIN_CUPO
2807,239,3,2,1,1,2025-02-02,SIN_CUPO
2808,239,3,9,2,2,2025-02-03,ASIGNADA
2809,237,3,3,1,3,2025-02-01,SIN_CUPO
2810,237,3,6,1,1,2025-02-08,SIN_CUPO
2811,237,3,1,1,1,2025-02-01,SIN_CUPO
2812,237,3,2,1,2,2025-02-06,SIN_CUPO
2813,165,3,7,2,1,2025-02-02,SIN_CUPO
2814,165,3,4,3,1,2025-02-02,ASIGNADA
2815,165,3,5,1,1,2025-02-05,SIN_CUPO
2816,165,3,6,2,1,2025-02-06,SIN_CUPO
2817,151,3,8,1,2,2025-02-01,SIN_CUPO
2818,151,3,6,1,2,2025-02-02,DESISTIDA
2819,151,3,1,1,1,2025-02-09,SIN_CUPO
2820,151,3,5,1,1,2025-02-07,SIN_CUPO
2821,51,3,3,2,3,2025-02-08,ASIGNADA
2822,51,3,2,2,1,2025-02-03,SIN_CUPO
2823,51,3,5,2,1,2025-02-06,SIN_CUPO
2824,51,3,1,2,1,2025-02-02,SIN_CUPO
2825,107,3,9,2,1,2025-02-07,ASIGNADA
2826,107,3,8,1,1,2025-02-05,SIN_CUPO
2827,107,3,1,1,2,2025-02-04,ASIGNADA
2828,107,3,3,1,1,2025-02-04,SIN_CUPO
2829,91,3,3,1,1,2025-02-09,SIN_CUPO
2830,91,3,4,2,1,2025-02-08,ASIGNADA
2831,91,3,1,2,2,2025-02-07,SIN_CUPO
2832,91,3,8,2,1,2025-02-11,NO_ELEGIBLE
2833,182,3,4,1,1,2025-02-06,SIN_CUPO
2834,182,3,8,2,1,2025-02-02,SIN_CUPO
2835,182,3,7,1,1,2025-02-05,SIN_CUPO
2836,182,3,2,1,1,2025-02-09,SIN_CUPO
2837,180,3,2,1,1,2025-02-04,SIN_CUPO
2838,180,3,1,1,1,2025-02-09,SIN_CUPO
2839,180,3,5,2,2,2025-02-06,ASIGNADA
2840,180,3,9,1,2,2025-02-07,SIN_CUPO
2841,203,3,7,1,2,2025-02-05,ASIGNADA
2842,203,3,3,2,1,2025-02-06,ASIGNADA
2843,203,3,2,1,1,2025-02-04,SIN_CUPO
2844,203,3,9,3,1,2025-02-05,ASIGNADA
2845,56,3,8,2,3,2025-02-10,ASIGNADA
2846,56,3,3,2,2,2025-02-06,ASIGNADA
2847,56,3,1,2,1,2025-02-04,SIN_CUPO
2848,56,3,7,2,3,2025-02-05,ASIGNADA
2849,224,3,5,2,1,2025-02-02,SIN_CUPO
2850,224,3,3,1,3,2025-02-02,SIN_CUPO
2851,224,3,9,3,2,2025-02-03,ASIGNADA
2852,224,3,8,1,1,2025-02-05,NO_ELEGIBLE
2853,16,3,4,1,1,2025-02-02,SIN_CUPO
2854,16,3,2,1,1,2025-02-02,SIN_CUPO
2855,16,3,1,1,1,2025-02-06,SIN_CUPO
2856,16,3,9,1,2,2025-02-07,SIN_CUPO
2857,66,3,6,1,3,2025-02-06,ASIGNADA
2858,66,3,8,1,1,2025-02-06,SIN_CUPO
2859,66,3,1,2,2,2025-02-07,DESISTIDA
2860,66,3,2,1,2,2025-02-11,SIN_CUPO
2861,44,3,5,1,2,2025-02-07,ASIGNADA
2862,44,3,2,2,1,2025-02-10,SIN_CUPO
2863,44,3,1,1,1,2025-02-09,SIN_CUPO
2864,44,3,4,2,2,2025-02-08,ASIGNADA
2865,40,3,3,1,1,2025-02-08,SIN_CUPO
2866,40,3,5,1,2,2025-02-03,ASIGNADA
2867,40,3,6,1,1,2025-02-09,SIN_CUPO
2868,40,3,2,1,2,2025-02-03,SIN_CUPO
2869,25,3,1,1,2,2025-02-10,ASIGNADA
2870,25,3,6,1,1,2025-02-11,SIN_CUPO
2871,25,3,3,2,1,2025-02-08,ASIGNADA
2872,25,3,2,2,1,2025-02-04,SIN_CUPO
2873,120,3,5,1,2,2025-02-01,ASIGNADA
2874,120,3,2,1,2,2025-02-07,SIN_CUPO
2875,120,3,8,3,2,2025-02-08,ASIGNADA
2876,120,3,6,1,1,2025-02-02,SIN_CUPO
2877,111,3,5,2,2,2025-02-07,ASIGNADA
2878,111,3,9,1,2,2025-02-06,DESISTIDA
2879,111,3,3,1,3,2025-02-10,SIN_CUPO
2880,111,3,1,1,1,2025-02-03,SIN_CUPO
2881,196,4,5,1,1,2025-07-03,ASIGNADA
2882,196,4,3,1,2,2025-07-02,ASIGNADA
2883,196,4,9,3,1,2025-07-09,ASIGNADA
2884,196,4,7,2,2,2025-07-01,ASIGNADA
2885,74,4,3,1,2,2025-07-03,ASIGNADA
2886,74,4,5,1,3,2025-07-03,ASIGNADA
2887,74,4,8,1,1,2025-07-07,ASIGNADA
2888,74,4,9,2,1,2025-07-05,ASIGNADA
2889,72,4,1,3,3,2025-07-09,ASIGNADA
2890,72,4,4,1,1,2025-07-01,ASIGNADA
2891,72,4,3,2,1,2025-07-07,ASIGNADA
2892,72,4,9,2,2,2025-07-11,ASIGNADA
2893,190,4,2,3,3,2025-07-11,ASIGNADA
2894,190,4,9,1,2,2025-07-09,ASIGNADA
2895,190,4,4,1,2,2025-07-06,ASIGNADA
2896,190,4,5,1,2,2025-07-08,ASIGNADA
2897,81,4,3,1,1,2025-07-02,ASIGNADA
2898,81,4,7,1,1,2025-07-03,ASIGNADA
2899,81,4,4,1,3,2025-07-10,DESISTIDA
2900,81,4,5,1,1,2025-07-04,ASIGNADA
2901,139,4,2,3,2,2025-07-03,ASIGNADA
2902,139,4,6,1,1,2025-07-09,ASIGNADA
2903,139,4,5,3,1,2025-07-05,NO_ELEGIBLE
2904,139,4,3,2,2,2025-07-01,ASIGNADA
2905,50,4,7,1,1,2025-07-02,ASIGNADA
2906,50,4,6,1,1,2025-07-04,ASIGNADA
2907,50,4,9,3,1,2025-07-08,ASIGNADA
2908,50,4,4,1,1,2025-07-11,ASIGNADA
2909,165,4,4,1,2,2025-07-06,DESISTIDA
2910,165,4,1,1,2,2025-07-02,ASIGNADA
2911,165,4,9,2,2,2025-07-03,ASIGNADA
2912,165,4,7,1,2,2025-07-08,ASIGNADA
2913,174,4,8,3,2,2025-07-05,ASIGNADA
2914,174,4,4,1,1,2025-07-01,ASIGNADA
2915,174,4,5,1,2,2025-07-08,ASIGNADA
2916,174,4,9,1,2,2025-07-01,ASIGNADA
2917,45,4,6,1,3,2025-07-02,ASIGNADA
2918,45,4,8,1,3,2025-07-01,ASIGNADA
2919,45,4,2,1,2,2025-07-07,ASIGNADA
2920,45,4,4,2,2,2025-07-09,ASIGNADA
2921,219,4,9,1,1,2025-07-08,ASIGNADA
2922,219,4,2,1,1,2025-07-06,ASIGNADA
2923,219,4,8,2,3,2025-07-09,ASIGNADA
2924,219,4,5,2,1,2025-07-01,ASIGNADA
2925,183,4,8,1,2,2025-07-09,ASIGNADA
2926,183,4,4,1,1,2025-07-09,ASIGNADA
2927,183,4,3,1,1,2025-07-10,ASIGNADA
2928,183,4,1,3,1,2025-07-09,ASIGNADA
2929,202,4,9,1,2,2025-07-11,ASIGNADA
2930,202,4,2,1,3,2025-07-03,ASIGNADA
2931,202,4,1,1,2,2025-07-11,ASIGNADA
2932,202,4,4,3,3,2025-07-08,ASIGNADA
2933,225,4,1,1,3,2025-07-01,ASIGNADA
2934,225,4,3,2,1,2025-07-04,ASIGNADA
2935,225,4,8,1,2,2025-07-06,ASIGNADA
2936,225,4,4,2,3,2025-07-06,ASIGNADA
2937,68,4,4,1,2,2025-07-05,ASIGNADA
2938,68,4,1,1,3,2025-07-10,ASIGNADA
2939,68,4,5,2,1,2025-07-03,ASIGNADA
2940,68,4,2,1,2,2025-07-07,NO_ELEGIBLE
2941,116,4,3,1,2,2025-07-07,ASIGNADA
2942,116,4,2,1,2,2025-07-07,NO_ELEGIBLE
2943,116,4,1,1,1,2025-07-06,ASIGNADA
2944,116,4,7,1,1,2025-07-03,ASIGNADA
2945,66,4,5,1,1,2025-07-07,ASIGNADA
2946,66,4,9,1,1,2025-07-10,NO_ELEGIBLE
2947,66,4,2,3,1,2025-07-03,ASIGNADA
2948,66,4,4,1,1,2025-07-10,ASIGNADA
2949,181,4,4,1,2,2025-07-06,ASIGNADA
2950,181,4,6,1,2,2025-07-03,ASIGNADA
2951,181,4,2,3,2,2025-07-03,NO_ELEGIBLE
2952,181,4,3,2,1,2025-07-03,ASIGNADA
2953,79,4,8,1,3,2025-07-09,ASIGNADA
2954,79,4,9,1,1,2025-07-01,ASIGNADA
2955,79,4,1,3,1,2025-07-04,ASIGNADA
2956,79,4,3,1,1,2025-07-09,ASIGNADA
2957,95,4,8,1,3,2025-07-03,ASIGNADA
2958,95,4,6,3,3,2025-07-06,ASIGNADA
2959,95,4,3,1,1,2025-07-05,ASIGNADA
2960,95,4,9,1,1,2025-07-08,ASIGNADA
2961,32,4,3,2,1,2025-07-04,ASIGNADA
2962,32,4,4,1,1,2025-07-06,SIN_CUPO
2963,32,4,7,1,1,2025-07-02,ASIGNADA
2964,32,4,1,1,1,2025-07-03,ASIGNADA
2965,18,4,6,1,1,2025-07-04,ASIGNADA
2966,18,4,2,1,1,2025-07-07,ASIGNADA
2967,18,4,5,1,2,2025-07-07,ASIGNADA
2968,18,4,3,1,1,2025-07-07,ASIGNADA
2969,28,4,1,1,1,2025-07-03,DESISTIDA
2970,28,4,2,1,1,2025-07-11,ASIGNADA
2971,28,4,6,3,2,2025-07-09,ASIGNADA
2972,28,4,9,1,1,2025-07-01,ASIGNADA
2973,191,4,8,2,1,2025-07-04,ASIGNADA
2974,191,4,4,2,3,2025-07-10,NO_ELEGIBLE
2975,191,4,5,1,1,2025-07-06,ASIGNADA
2976,191,4,9,1,1,2025-07-09,ASIGNADA
2977,7,4,2,3,1,2025-07-07,ASIGNADA
2978,7,4,4,1,1,2025-07-02,SIN_CUPO
2979,7,4,6,1,3,2025-07-10,ASIGNADA
2980,7,4,5,3,1,2025-07-10,ASIGNADA
2981,123,4,3,1,1,2025-07-08,SIN_CUPO
2982,123,4,6,1,1,2025-07-03,ASIGNADA
2983,123,4,9,1,3,2025-07-04,ASIGNADA
2984,123,4,7,3,1,2025-07-06,DESISTIDA
2985,128,4,6,2,1,2025-07-01,ASIGNADA
2986,128,4,7,1,1,2025-07-04,ASIGNADA
2987,128,4,9,2,1,2025-07-11,ASIGNADA
2988,128,4,4,1,1,2025-07-03,SIN_CUPO
2989,33,4,9,2,2,2025-07-09,NO_ELEGIBLE
2990,33,4,2,1,1,2025-07-04,ASIGNADA
2991,33,4,1,2,2,2025-07-07,ASIGNADA
2992,33,4,6,1,1,2025-07-03,ASIGNADA
2993,26,4,2,2,3,2025-07-04,ASIGNADA
2994,26,4,5,1,2,2025-07-06,ASIGNADA
2995,26,4,9,1,1,2025-07-06,NO_ELEGIBLE
2996,26,4,8,1,2,2025-07-11,ASIGNADA
2997,140,4,1,1,1,2025-07-10,ASIGNADA
2998,140,4,5,3,2,2025-07-04,ASIGNADA
2999,140,4,2,1,3,2025-07-11,ASIGNADA
3000,140,4,3,1,1,2025-07-03,SIN_CUPO
3001,229,4,7,1,1,2025-07-07,DESISTIDA
3002,229,4,3,2,1,2025-07-05,ASIGNADA
3003,229,4,1,1,1,2025-07-03,ASIGNADA
3004,229,4,5,1,2,2025-07-07,NO_ELEGIBLE
3005,163,4,7,2,3,2025-07-03,ASIGNADA
3006,163,4,4,1,2,2025-07-08,ASIGNADA
3007,163,4,1,1,1,2025-07-03,ASIGNADA
3008,163,4,5,1,2,2025-07-11,ASIGNADA
3009,77,4,4,2,3,2025-07-01,ASIGNADA
3010,77,4,2,1,1,2025-07-03,ASIGNADA
3011,77,4,7,1,1,2025-07-03,SIN_CUPO
3012,77,4,9,1,1,2025-07-04,SIN_CUPO
3013,105,4,2,2,1,2025-07-02,ASIGNADA
3014,105,4,4,2,1,2025-07-01,ASIGNADA
3015,105,4,8,2,1,2025-07-04,ASIGNADA
3016,105,4,6,1,2,2025-07-02,ASIGNADA
3017,43,4,1,1,1,2025-07-02,SIN_CUPO
3018,43,4,4,1,3,2025-07-08,ASIGNADA
3019,43,4,7,1,1,2025-07-07,SIN_CUPO
3020,43,4,9,2,1,2025-07-03,ASIGNADA
3021,110,4,5,2,2,2025-07-07,ASIGNADA
3022,110,4,8,1,2,2025-07-07,ASIGNADA
3023,110,4,4,3,2,2025-07-08,ASIGNADA
3024,110,4,7,1,2,2025-07-11,ASIGNADA
3025,49,4,3,2,1,2025-07-10,ASIGNADA
3026,49,4,4,1,3,2025-07-03,ASIGNADA
3027,49,4,6,1,2,2025-07-04,ASIGNADA
3028,49,4,1,1,1,2025-07-04,SIN_CUPO
3029,205,4,2,1,1,2025-07-01,SIN_CUPO
3030,205,4,3,3,3,2025-07-06,ASIGNADA
3031,205,4,7,2,1,2025-07-07,ASIGNADA
3032,205,4,8,1,2,2025-07-08,ASIGNADA
3033,112,4,5,1,1,2025-07-10,ASIGNADA
3034,112,4,9,2,2,2025-07-09,ASIGNADA
3035,112,4,7,3,2,2025-07-10,ASIGNADA
3036,112,4,1,1,2,2025-07-08,ASIGNADA
3037,76,4,8,1,2,2025-07-08,ASIGNADA
3038,76,4,7,1,2,2025-07-10,ASIGNADA
3039,76,4,4,2,1,2025-07-07,ASIGNADA
3040,76,4,3,1,1,2025-07-03,SIN_CUPO
3041,182,4,4,1,3,2025-07-01,ASIGNADA
3042,182,4,1,1,1,2025-07-08,SIN_CUPO
3043,182,4,9,2,2,2025-07-01,ASIGNADA
3044,182,4,5,2,1,2025-07-03,ASIGNADA
3045,103,4,6,1,1,2025-07-01,SIN_CUPO
3046,103,4,7,1,1,2025-07-11,SIN_CUPO
3047,103,4,9,1,1,2025-07-11,SIN_CUPO
3048,103,4,5,3,2,2025-07-05,ASIGNADA
3049,160,4,8,3,2,2025-07-11,ASIGNADA
3050,160,4,4,2,1,2025-07-09,ASIGNADA
3051,160,4,1,2,3,2025-07-04,ASIGNADA
3052,160,4,6,1,1,2025-07-10,SIN_CUPO
3053,179,4,7,1,2,2025-07-01,ASIGNADA
3054,179,4,4,1,1,2025-07-11,SIN_CUPO
3055,179,4,9,3,1,2025-07-01,NO_ELEGIBLE
3056,179,4,6,2,1,2025-07-07,ASIGNADA
3057,217,4,2,1,1,2025-07-09,SIN_CUPO
3058,217,4,8,1,2,2025-07-10,ASIGNADA
3059,217,4,1,1,1,2025-07-01,SIN_CUPO
3060,217,4,9,3,2,2025-07-01,DESISTIDA
3061,131,4,3,1,2,2025-07-10,ASIGNADA
3062,131,4,7,1,1,2025-07-07,SIN_CUPO
3063,131,4,6,2,2,2025-07-02,ASIGNADA
3064,131,4,1,1,2,2025-07-10,ASIGNADA
3065,200,4,6,1,2,2025-07-07,ASIGNADA
3066,200,4,2,1,1,2025-07-01,SIN_CUPO
3067,200,4,7,1,3,2025-07-09,ASIGNADA
3068,200,4,1,1,1,2025-07-09,SIN_CUPO
3069,100,4,2,1,1,2025-07-03,SIN_CUPO
3070,100,4,7,1,2,2025-07-11,ASIGNADA
3071,100,4,3,1,2,2025-07-09,ASIGNADA
3072,100,4,5,1,1,2025-07-09,SIN_CUPO
3073,70,4,2,1,1,2025-07-02,SIN_CUPO
3074,70,4,8,2,1,2025-07-05,ASIGNADA
3075,70,4,7,1,3,2025-07-02,ASIGNADA
3076,70,4,9,2,2,2025-07-03,ASIGNADA
3077,213,4,1,2,3,2025-07-04,ASIGNADA
3078,213,4,2,1,1,2025-07-02,SIN_CUPO
3079,213,4,5,1,1,2025-07-04,SIN_CUPO
3080,213,4,4,1,1,2025-07-07,SIN_CUPO
3081,198,4,7,1,1,2025-07-08,SIN_CUPO
3082,198,4,9,3,1,2025-07-01,ASIGNADA
3083,198,4,5,3,1,2025-07-10,ASIGNADA
3084,198,4,1,1,1,2025-07-09,SIN_CUPO
3085,221,4,4,2,1,2025-07-09,ASIGNADA
3086,221,4,6,1,2,2025-07-07,ASIGNADA
3087,221,4,7,1,3,2025-07-07,ASIGNADA
3088,221,4,2,1,2,2025-07-09,ASIGNADA
3089,34,4,2,2,2,2025-07-04,ASIGNADA
3090,34,4,4,1,3,2025-07-04,ASIGNADA
3091,34,4,1,1,2,2025-07-09,DESISTIDA
3092,34,4,5,3,2,2025-07-03,ASIGNADA
3093,121,4,6,1,1,2025-07-08,SIN_CUPO
3094,121,4,7,1,1,2025-07-05,SIN_CUPO
3095,121,4,8,1,1,2025-07-11,ASIGNADA
3096,121,4,9,1,2,2025-07-06,ASIGNADA
3097,231,4,4,1,1,2025-07-03,SIN_CUPO
3098,231,4,5,2,1,2025-07-10,ASIGNADA
3099,231,4,6,1,3,2025-07-06,ASIGNADA
3100,231,4,9,1,1,2025-07-03,SIN_CUPO
3101,102,4,4,1,1,2025-07-05,SIN_CUPO
3102,102,4,3,1,1,2025-07-03,SIN_CUPO
3103,102,4,6,1,1,2025-07-04,SIN_CUPO
3104,102,4,1,1,2,2025-07-08,ASIGNADA
3105,83,4,9,1,2,2025-07-05,ASIGNADA
3106,83,4,1,3,1,2025-07-03,ASIGNADA
3107,83,4,7,2,1,2025-07-01,ASIGNADA
3108,83,4,6,3,2,2025-07-03,ASIGNADA
3109,19,4,2,1,1,2025-07-05,SIN_CUPO
3110,19,4,1,1,1,2025-07-11,SIN_CUPO
3111,19,4,5,1,1,2025-07-04,SIN_CUPO
3112,19,4,4,1,1,2025-07-04,SIN_CUPO
3113,152,4,7,1,2,2025-07-07,ASIGNADA
3114,152,4,6,1,2,2025-07-02,ASIGNADA
3115,152,4,1,2,2,2025-07-10,ASIGNADA
3116,152,4,3,3,1,2025-07-08,ASIGNADA
3117,91,4,1,1,1,2025-07-07,DESISTIDA
3118,91,4,2,1,1,2025-07-01,SIN_CUPO
3119,91,4,7,1,1,2025-07-04,SIN_CUPO
3120,91,4,8,2,1,2025-07-09,ASIGNADA
3121,151,4,7,3,2,2025-07-02,ASIGNADA
3122,151,4,8,3,1,2025-07-08,DESISTIDA
3123,151,4,2,1,1,2025-07-06,SIN_CUPO
3124,151,4,9,2,1,2025-07-07,ASIGNADA
3125,132,4,3,2,2,2025-07-07,ASIGNADA
3126,132,4,2,3,2,2025-07-03,ASIGNADA
3127,132,4,8,1,1,2025-07-01,ASIGNADA
3128,132,4,6,1,3,2025-07-05,ASIGNADA
3129,188,4,8,1,2,2025-07-10,ASIGNADA
3130,188,4,6,1,1,2025-07-11,SIN_CUPO
3131,188,4,9,1,1,2025-07-05,SIN_CUPO
3132,188,4,2,1,1,2025-07-06,SIN_CUPO
3133,55,4,9,2,2,2025-07-07,ASIGNADA
3134,55,4,7,1,2,2025-07-11,ASIGNADA
3135,55,4,2,2,1,2025-07-11,ASIGNADA
3136,55,4,4,2,2,2025-07-02,ASIGNADA
3137,239,4,9,1,1,2025-07-09,SIN_CUPO
3138,239,4,1,1,1,2025-07-07,SIN_CUPO
3139,239,4,7,1,2,2025-07-07,ASIGNADA
3140,239,4,3,3,3,2025-07-03,ASIGNADA
3141,143,4,5,2,1,2025-07-03,NO_ELEGIBLE
3142,143,4,2,1,1,2025-07-09,NO_ELEGIBLE
3143,143,4,3,1,2,2025-07-04,ASIGNADA
3144,143,4,8,1,1,2025-07-05,ASIGNADA
3145,148,4,7,3,3,2025-07-07,ASIGNADA
3146,148,4,5,1,1,2025-07-01,SIN_CUPO
3147,148,4,2,2,2,2025-07-01,NO_ELEGIBLE
3148,148,4,1,2,1,2025-07-06,DESISTIDA
3149,14,4,1,1,2,2025-07-03,ASIGNADA
3150,14,4,5,2,2,2025-07-05,ASIGNADA
3151,14,4,8,1,1,2025-07-04,ASIGNADA
3152,14,4,3,1,2,2025-07-08,ASIGNADA
3153,36,4,8,1,1,2025-07-08,SIN_CUPO
3154,36,4,6,1,3,2025-07-08,ASIGNADA
3155,36,4,3,2,2,2025-07-08,ASIGNADA
3156,36,4,2,3,3,2025-07-11,ASIGNADA
3157,57,4,3,2,2,2025-07-11,ASIGNADA
3158,57,4,2,2,3,2025-07-05,DESISTIDA
3159,57,4,8,1,2,2025-07-06,ASIGNADA
3160,57,4,5,1,2,2025-07-02,ASIGNADA
3161,78,4,4,3,1,2025-07-11,ASIGNADA
3162,78,4,9,1,1,2025-07-10,SIN_CUPO
3163,78,4,5,1,2,2025-07-03,ASIGNADA
3164,78,4,7,2,1,2025-07-02,DESISTIDA
3165,238,4,9,2,1,2025-07-05,ASIGNADA
3166,238,4,6,1,3,2025-07-09,ASIGNADA
3167,238,4,3,1,2,2025-07-03,ASIGNADA
3168,238,4,5,1,1,2025-07-07,SIN_CUPO
3169,149,4,3,2,2,2025-07-10,ASIGNADA
3170,149,4,8,3,1,2025-07-05,ASIGNADA
3171,149,4,5,1,1,2025-07-10,SIN_CUPO
3172,149,4,2,1,2,2025-07-09,ASIGNADA
3173,25,4,5,1,1,2025-07-08,SIN_CUPO
3174,25,4,2,1,1,2025-07-09,SIN_CUPO
3175,25,4,3,1,1,2025-07-03,SIN_CUPO
3176,25,4,8,3,1,2025-07-05,ASIGNADA
3177,40,4,9,3,2,2025-07-10,ASIGNADA
3178,40,4,8,2,1,2025-07-08,DESISTIDA
3179,40,4,6,1,1,2025-07-05,SIN_CUPO
3180,40,4,1,1,1,2025-07-10,SIN_CUPO
3181,11,4,3,3,1,2025-07-05,ASIGNADA
3182,11,4,8,1,3,2025-07-03,ASIGNADA
3183,11,4,6,1,2,2025-07-06,NO_ELEGIBLE
3184,11,4,4,1,3,2025-07-09,ASIGNADA
3185,227,4,2,1,2,2025-07-11,ASIGNADA
3186,227,4,5,2,1,2025-07-03,ASIGNADA
3187,227,4,3,1,1,2025-07-11,SIN_CUPO
3188,227,4,8,1,3,2025-07-09,ASIGNADA
3189,99,4,2,1,3,2025-07-02,ASIGNADA
3190,99,4,6,1,1,2025-07-10,SIN_CUPO
3191,99,4,8,2,1,2025-07-11,ASIGNADA
3192,99,4,4,3,3,2025-07-06,ASIGNADA
3193,101,4,2,1,1,2025-07-04,SIN_CUPO
3194,101,4,6,1,1,2025-07-08,SIN_CUPO
3195,101,4,4,1,2,2025-07-02,ASIGNADA
3196,101,4,5,2,1,2025-07-04,ASIGNADA
3197,178,4,7,1,1,2025-07-09,SIN_CUPO
3198,178,4,1,2,3,2025-07-10,ASIGNADA
3199,178,4,2,3,1,2025-07-06,ASIGNADA
3200,178,4,8,2,2,2025-07-01,ASIGNADA
3201,73,4,7,1,2,2025-07-06,ASIGNADA
3202,73,4,8,1,1,2025-07-01,SIN_CUPO
3203,73,4,9,1,2,2025-07-11,ASIGNADA
3204,73,4,4,3,1,2025-07-11,ASIGNADA
3205,82,4,8,1,3,2025-07-05,ASIGNADA
3206,82,4,6,1,1,2025-07-07,SIN_CUPO
3207,82,4,7,3,3,2025-07-09,ASIGNADA
3208,82,4,3,1,1,2025-07-06,SIN_CUPO
3209,171,4,2,1,3,2025-07-09,ASIGNADA
3210,171,4,4,1,1,2025-07-07,NO_ELEGIBLE
3211,171,4,5,3,1,2025-07-01,ASIGNADA
3212,171,4,9,1,1,2025-07-02,SIN_CUPO
3213,207,4,3,3,2,2025-07-01,ASIGNADA
3214,207,4,6,1,1,2025-07-01,SIN_CUPO
3215,207,4,7,1,3,2025-07-02,ASIGNADA
3216,207,4,5,1,2,2025-07-09,ASIGNADA
3217,17,4,4,2,1,2025-07-08,ASIGNADA
3218,17,4,5,2,1,2025-07-09,ASIGNADA
3219,17,4,6,3,1,2025-07-04,ASIGNADA
3220,17,4,8,3,2,2025-07-05,ASIGNADA
3221,59,4,9,1,1,2025-07-08,SIN_CUPO
3222,59,4,4,1,3,2025-07-05,ASIGNADA
3223,59,4,5,1,3,2025-07-01,ASIGNADA
3224,59,4,6,1,3,2025-07-01,ASIGNADA
3225,118,4,1,1,2,2025-07-06,ASIGNADA
3226,118,4,2,1,1,2025-07-05,SIN_CUPO
3227,118,4,5,1,2,2025-07-08,ASIGNADA
3228,118,4,8,1,1,2025-07-07,SIN_CUPO
3229,215,4,6,1,1,2025-07-01,SIN_CUPO
3230,215,4,7,2,2,2025-07-09,DESISTIDA
3231,215,4,3,1,1,2025-07-04,SIN_CUPO
3232,215,4,5,1,2,2025-07-02,ASIGNADA
3233,138,4,7,1,1,2025-07-09,SIN_CUPO
3234,138,4,4,2,2,2025-07-01,ASIGNADA
3235,138,4,2,1,2,2025-07-06,NO_ELEGIBLE
3236,138,4,6,2,1,2025-07-05,ASIGNADA
3237,130,4,4,3,1,2025-07-10,ASIGNADA
3238,130,4,3,1,3,2025-07-04,ASIGNADA
3239,130,4,2,1,2,2025-07-03,ASIGNADA
3240,130,4,1,3,1,2025-07-02,ASIGNADA
3241,210,4,3,1,3,2025-07-08,ASIGNADA
3242,210,4,6,1,2,2025-07-10,ASIGNADA
3243,210,4,5,1,1,2025-07-06,SIN_CUPO
3244,210,4,4,1,2,2025-07-06,ASIGNADA
3245,58,4,4,1,3,2025-07-01,ASIGNADA
3246,58,4,7,3,2,2025-07-11,ASIGNADA
3247,58,4,9,1,1,2025-07-02,SIN_CUPO
3248,58,4,1,1,1,2025-07-11,SIN_CUPO
3249,84,4,2,1,1,2025-07-07,SIN_CUPO
3250,84,4,7,1,3,2025-07-03,ASIGNADA
3251,84,4,1,2,1,2025-07-03,ASIGNADA
3252,84,4,6,2,1,2025-07-02,ASIGNADA
3253,31,4,7,1,2,2025-07-11,ASIGNADA
3254,31,4,2,2,1,2025-07-07,ASIGNADA
3255,31,4,8,2,2,2025-07-07,ASIGNADA
3256,31,4,3,2,1,2025-07-09,ASIGNADA
3257,35,4,1,2,1,2025-07-05,ASIGNADA
3258,35,4,5,2,3,2025-07-08,ASIGNADA
3259,35,4,7,1,1,2025-07-04,SIN_CUPO
3260,35,4,2,2,2,2025-07-09,ASIGNADA
3261,67,4,4,1,1,2025-07-02,SIN_CUPO
3262,67,4,7,2,1,2025-07-09,ASIGNADA
3263,67,4,9,1,1,2025-07-08,SIN_CUPO
3264,67,4,1,1,2,2025-07-03,ASIGNADA
3265,127,4,7,2,1,2025-07-02,NO_ELEGIBLE
3266,127,4,1,3,1,2025-07-03,ASIGNADA
3267,127,4,2,1,2,2025-07-05,ASIGNADA
3268,127,4,6,3,1,2025-07-01,ASIGNADA
3269,136,4,2,1,1,2025-07-06,SIN_CUPO
3270,136,4,5,2,1,2025-07-11,ASIGNADA
3271,136,4,8,1,2,2025-07-08,ASIGNADA
3272,136,4,9,3,1,2025-07-07,ASIGNADA
3273,226,4,1,1,2,2025-07-07,ASIGNADA
3274,226,4,8,2,1,2025-07-09,ASIGNADA
3275,226,4,5,1,3,2025-07-04,NO_ELEGIBLE
3276,226,4,4,1,3,2025-07-07,ASIGNADA
3277,240,4,5,3,1,2025-07-06,ASIGNADA
3278,240,4,2,1,1,2025-07-04,SIN_CUPO
3279,240,4,1,1,1,2025-07-01,SIN_CUPO
3280,240,4,9,1,1,2025-07-11,DESISTIDA
3281,60,4,9,2,1,2025-07-03,ASIGNADA
3282,60,4,6,3,1,2025-07-04,ASIGNADA
3283,60,4,5,1,1,2025-07-09,SIN_CUPO
3284,60,4,4,3,3,2025-07-03,ASIGNADA
3285,48,4,3,1,3,2025-07-03,DESISTIDA
3286,48,4,1,1,1,2025-07-04,SIN_CUPO
3287,48,4,2,2,1,2025-07-08,ASIGNADA
3288,48,4,4,1,1,2025-07-11,SIN_CUPO
3289,108,4,6,1,1,2025-07-02,SIN_CUPO
3290,108,4,9,2,2,2025-07-09,ASIGNADA
3291,108,4,2,3,1,2025-07-11,ASIGNADA
3292,108,4,4,1,1,2025-07-01,SIN_CUPO
3293,122,4,4,2,1,2025-07-07,ASIGNADA
3294,122,4,9,3,2,2025-07-09,ASIGNADA
3295,122,4,7,1,1,2025-07-08,SIN_CUPO
3296,122,4,5,1,1,2025-07-04,SIN_CUPO
3297,135,4,5,1,2,2025-07-05,ASIGNADA
3298,135,4,6,2,2,2025-07-11,ASIGNADA
3299,135,4,3,3,2,2025-07-04,ASIGNADA
3300,135,4,2,1,1,2025-07-06,SIN_CUPO
3301,134,4,9,2,1,2025-07-08,ASIGNADA
3302,134,4,6,2,1,2025-07-11,ASIGNADA
3303,134,4,4,1,1,2025-07-04,SIN_CUPO
3304,134,4,5,1,2,2025-07-04,ASIGNADA
3305,51,4,3,2,1,2025-07-02,ASIGNADA
3306,51,4,7,1,1,2025-07-03,SIN_CUPO
3307,51,4,1,1,2,2025-07-06,ASIGNADA
3308,51,4,5,1,2,2025-07-02,NO_ELEGIBLE
3309,71,4,2,2,1,2025-07-02,ASIGNADA
3310,71,4,3,2,2,2025-07-09,ASIGNADA
3311,71,4,8,3,1,2025-07-05,ASIGNADA
3312,71,4,1,1,2,2025-07-11,ASIGNADA
3313,38,4,6,1,1,2025-07-05,SIN_CUPO
3314,38,4,8,1,1,2025-07-08,SIN_CUPO
3315,38,4,3,1,3,2025-07-09,NO_ELEGIBLE
3316,38,4,5,2,1,2025-07-05,ASIGNADA
3317,141,4,1,1,3,2025-07-04,ASIGNADA
3318,141,4,9,1,2,2025-07-01,ASIGNADA
3319,141,4,6,1,1,2025-07-11,SIN_CUPO
3320,141,4,2,1,3,2025-07-04,ASIGNADA
3321,87,4,7,3,1,2025-07-06,ASIGNADA
3322,87,4,8,1,1,2025-07-02,SIN_CUPO
3323,87,4,3,1,1,2025-07-07,SIN_CUPO
3324,87,4,5,1,2,2025-07-09,NO_ELEGIBLE
3325,22,4,7,1,2,2025-07-04,ASIGNADA
3326,22,4,1,3,1,2025-07-08,ASIGNADA
3327,22,4,4,1,1,2025-07-09,SIN_CUPO
3328,22,4,3,2,1,2025-07-05,ASIGNADA
3329,86,4,6,1,2,2025-07-03,ASIGNADA
3330,86,4,3,1,1,2025-07-01,SIN_CUPO
3331,86,4,9,1,1,2025-07-08,SIN_CUPO
3332,86,4,2,1,1,2025-07-03,SIN_CUPO
3333,197,4,1,1,1,2025-07-10,SIN_CUPO
3334,197,4,5,2,1,2025-07-05,ASIGNADA
3335,197,4,3,1,2,2025-07-03,ASIGNADA
3336,197,4,6,2,1,2025-07-07,ASIGNADA
3337,147,4,7,1,1,2025-07-04,SIN_CUPO
3338,147,4,1,1,1,2025-07-05,SIN_CUPO
3339,147,4,3,3,2,2025-07-09,ASIGNADA
3340,147,4,4,1,3,2025-07-02,ASIGNADA
3341,142,4,8,1,1,2025-07-07,NO_ELEGIBLE
3342,142,4,6,3,1,2025-07-11,ASIGNADA
3343,142,4,1,1,1,2025-07-01,SIN_CUPO
3344,142,4,3,1,1,2025-07-09,SIN_CUPO
3345,113,4,7,2,1,2025-07-08,ASIGNADA
3346,113,4,8,2,2,2025-07-04,ASIGNADA
3347,113,4,6,1,1,2025-07-07,SIN_CUPO
3348,113,4,2,1,2,2025-07-10,ASIGNADA
3349,119,4,5,3,2,2025-07-11,ASIGNADA
3350,119,4,8,1,2,2025-07-03,SIN_CUPO
3351,119,4,4,2,1,2025-07-08,ASIGNADA
3352,119,4,9,1,2,2025-07-04,ASIGNADA
3353,20,4,6,2,2,2025-07-03,ASIGNADA
3354,20,4,7,2,1,2025-07-11,ASIGNADA
3355,20,4,8,1,2,2025-07-08,SIN_CUPO
3356,20,4,2,3,1,2025-07-07,ASIGNADA
3357,106,4,2,1,1,2025-07-04,SIN_CUPO
3358,106,4,1,1,3,2025-07-06,ASIGNADA
3359,106,4,9,3,1,2025-07-09,ASIGNADA
3360,106,4,8,3,2,2025-07-02,ASIGNADA
3361,235,4,2,2,1,2025-07-05,ASIGNADA
3362,235,4,7,1,1,2025-07-02,SIN_CUPO
3363,235,4,3,2,1,2025-07-10,ASIGNADA
3364,235,4,9,1,1,2025-07-08,NO_ELEGIBLE
3365,85,4,1,1,3,2025-07-10,ASIGNADA
3366,85,4,9,1,1,2025-07-09,SIN_CUPO
3367,85,4,7,1,2,2025-07-07,ASIGNADA
3368,85,4,2,1,1,2025-07-01,SIN_CUPO
3369,23,4,6,3,1,2025-07-08,ASIGNADA
3370,23,4,2,3,1,2025-07-09,ASIGNADA
3371,23,4,3,1,1,2025-07-07,SIN_CUPO
3372,23,4,5,1,2,2025-07-08,ASIGNADA
3373,124,4,2,1,1,2025-07-09,SIN_CUPO
3374,124,4,7,3,1,2025-07-04,ASIGNADA
3375,124,4,6,2,3,2025-07-08,ASIGNADA
3376,124,4,4,3,1,2025-07-03,ASIGNADA
3377,56,4,1,1,1,2025-07-04,SIN_CUPO
3378,56,4,9,2,1,2025-07-07,ASIGNADA
3379,56,4,4,1,2,2025-07-07,ASIGNADA
3380,56,4,7,1,2,2025-07-02,ASIGNADA
3381,88,4,3,1,3,2025-07-11,ASIGNADA
3382,88,4,9,2,2,2025-07-01,ASIGNADA
3383,88,4,1,1,1,2025-07-01,SIN_CUPO
3384,88,4,2,3,2,2025-07-10,ASIGNADA
3385,161,4,2,2,2,2025-07-07,ASIGNADA
3386,161,4,9,1,1,2025-07-08,SIN_CUPO
3387,161,4,5,2,2,2025-07-06,ASIGNADA
3388,161,4,4,1,3,2025-07-01,NO_ELEGIBLE
3389,224,4,8,1,2,2025-07-11,DESISTIDA
3390,224,4,2,1,1,2025-07-07,SIN_CUPO
3391,224,4,9,1,1,2025-07-09,SIN_CUPO
3392,224,4,1,2,1,2025-07-09,DESISTIDA
3393,167,4,7,2,1,2025-07-04,ASIGNADA
3394,167,4,5,3,1,2025-07-09,ASIGNADA
3395,167,4,9,1,1,2025-07-08,SIN_CUPO
3396,167,4,6,2,3,2025-07-09,ASIGNADA
3397,177,4,6,1,2,2025-07-10,ASIGNADA
3398,177,4,8,1,3,2025-07-10,ASIGNADA
3399,177,4,1,1,3,2025-07-07,ASIGNADA
3400,177,4,3,1,2,2025-07-03,ASIGNADA
3401,169,4,5,1,3,2025-07-03,ASIGNADA
3402,169,4,4,1,1,2025-07-01,SIN_CUPO
3403,169,4,1,1,2,2025-07-02,ASIGNADA
3404,169,4,8,3,1,2025-07-05,ASIGNADA
3405,228,4,6,1,2,2025-07-04,ASIGNADA
3406,228,4,3,1,2,2025-07-01,ASIGNADA
3407,228,4,9,1,2,2025-07-08,ASIGNADA
3408,228,4,2,3,3,2025-07-02,ASIGNADA
3409,137,4,1,1,1,2025-07-03,SIN_CUPO
3410,137,4,2,1,2,2025-07-01,ASIGNADA
3411,137,4,6,1,1,2025-07-04,SIN_CUPO
3412,137,4,7,2,2,2025-07-05,ASIGNADA
3413,92,4,8,1,1,2025-07-02,SIN_CUPO
3414,92,4,9,1,1,2025-07-07,SIN_CUPO
3415,92,4,6,3,3,2025-07-04,ASIGNADA
3416,92,4,1,3,1,2025-07-11,ASIGNADA
3417,93,4,3,1,1,2025-07-09,SIN_CUPO
3418,93,4,9,1,1,2025-07-11,SIN_CUPO
3419,93,4,1,1,2,2025-07-03,ASIGNADA
3420,93,4,6,1,1,2025-07-10,SIN_CUPO
3421,94,4,2,2,2,2025-07-08,ASIGNADA
3422,94,4,1,3,2,2025-07-05,ASIGNADA
3423,94,4,4,1,2,2025-07-07,ASIGNADA
3424,94,4,3,1,2,2025-07-03,ASIGNADA
3425,204,4,3,3,3,2025-07-11,ASIGNADA
3426,204,4,9,1,2,2025-07-03,ASIGNADA
3427,204,4,4,1,1,2025-07-07,SIN_CUPO
3428,204,4,7,1,2,2025-07-09,ASIGNADA
3429,65,4,6,1,1,2025-07-10,SIN_CUPO
3430,65,4,4,1,3,2025-07-10,ASIGNADA
3431,65,4,9,2,2,2025-07-08,ASIGNADA
3432,65,4,7,1,3,2025-07-02,ASIGNADA
3433,186,4,9,2,3,2025-07-11,DESISTIDA
3434,186,4,3,1,1,2025-07-05,SIN_CUPO
3435,186,4,5,1,2,2025-07-11,ASIGNADA
3436,186,4,2,2,1,2025-07-02,ASIGNADA
3437,195,4,5,1,3,2025-07-04,ASIGNADA
3438,195,4,4,2,3,2025-07-10,ASIGNADA
3439,195,4,2,1,1,2025-07-10,DESISTIDA
3440,195,4,8,1,1,2025-07-05,SIN_CUPO
3441,2,4,4,1,1,2025-07-10,SIN_CUPO
3442,2,4,3,1,2,2025-07-01,ASIGNADA
3443,2,4,8,3,1,2025-07-10,ASIGNADA
3444,2,4,2,1,2,2025-07-09,ASIGNADA
3445,37,4,3,3,2,2025-07-03,ASIGNADA
3446,37,4,4,1,1,2025-07-01,SIN_CUPO
3447,37,4,1,1,2,2025-07-08,ASIGNADA
3448,37,4,7,1,1,2025-07-01,SIN_CUPO
3449,61,4,8,1,1,2025-07-01,SIN_CUPO
3450,61,4,9,1,3,2025-07-10,ASIGNADA
3451,61,4,1,1,3,2025-07-08,DESISTIDA
3452,61,4,2,2,1,2025-07-06,ASIGNADA
3453,90,4,5,1,3,2025-07-02,ASIGNADA
3454,90,4,9,1,1,2025-07-05,SIN_CUPO
3455,90,4,8,1,1,2025-07-04,SIN_CUPO
3456,90,4,2,1,1,2025-07-06,SIN_CUPO
3457,98,4,4,3,2,2025-07-10,ASIGNADA
3458,98,4,3,1,1,2025-07-09,SIN_CUPO
3459,98,4,6,2,2,2025-07-02,ASIGNADA
3460,98,4,9,1,1,2025-07-03,SIN_CUPO
3461,111,4,1,1,1,2025-07-08,SIN_CUPO
3462,111,4,4,1,2,2025-07-08,ASIGNADA
3463,111,4,9,2,1,2025-07-05,ASIGNADA
3464,111,4,5,3,2,2025-07-01,ASIGNADA
3465,212,4,6,2,1,2025-07-08,ASIGNADA
3466,212,4,7,1,2,2025-07-11,ASIGNADA
3467,212,4,4,2,2,2025-07-07,ASIGNADA
3468,212,4,9,3,2,2025-07-08,ASIGNADA
3469,180,4,1,1,1,2025-07-03,SIN_CUPO
3470,180,4,5,2,2,2025-07-02,ASIGNADA
3471,180,4,8,1,1,2025-07-06,SIN_CUPO
3472,180,4,3,1,2,2025-07-08,ASIGNADA
3473,4,4,5,1,1,2025-07-05,SIN_CUPO
3474,4,4,6,1,2,2025-07-06,ASIGNADA
3475,4,4,9,2,2,2025-07-03,NO_ELEGIBLE
3476,4,4,8,1,1,2025-07-04,SIN_CUPO
3477,164,4,9,1,2,2025-07-08,SIN_CUPO
3478,164,4,4,2,3,2025-07-04,ASIGNADA
3479,164,4,3,1,1,2025-07-09,SIN_CUPO
3480,164,4,5,2,1,2025-07-03,SIN_CUPO
3481,15,4,5,1,1,2025-07-09,SIN_CUPO
3482,15,4,7,3,3,2025-07-07,ASIGNADA
3483,15,4,1,3,2,2025-07-04,ASIGNADA
3484,15,4,9,2,3,2025-07-05,ASIGNADA
3485,29,4,7,1,2,2025-07-02,ASIGNADA
3486,29,4,4,2,2,2025-07-01,ASIGNADA
3487,29,4,9,1,2,2025-07-11,SIN_CUPO
3488,29,4,8,1,1,2025-07-01,SIN_CUPO
3489,133,4,1,1,2,2025-07-10,SIN_CUPO
3490,133,4,7,1,1,2025-07-11,SIN_CUPO
3491,133,4,9,1,1,2025-07-07,SIN_CUPO
3492,133,4,8,3,2,2025-07-10,ASIGNADA
3493,80,4,2,2,1,2025-07-04,ASIGNADA
3494,80,4,8,1,2,2025-07-02,SIN_CUPO
3495,80,4,7,1,2,2025-07-02,ASIGNADA
3496,80,4,6,1,1,2025-07-05,SIN_CUPO
3497,64,4,9,3,2,2025-07-09,ASIGNADA
3498,64,4,1,3,3,2025-07-08,ASIGNADA
3499,64,4,3,1,1,2025-07-05,NO_ELEGIBLE
3500,64,4,8,2,2,2025-07-08,ASIGNADA
3501,42,4,3,3,1,2025-07-04,DESISTIDA
3502,42,4,9,1,2,2025-07-10,SIN_CUPO
3503,42,4,4,3,1,2025-07-11,ASIGNADA
3504,42,4,7,1,1,2025-07-08,SIN_CUPO
3505,159,4,5,1,2,2025-07-02,SIN_CUPO
3506,159,4,8,2,3,2025-07-04,ASIGNADA
3507,159,4,1,1,1,2025-07-09,SIN_CUPO
3508,159,4,3,2,3,2025-07-08,ASIGNADA
3509,97,4,9,1,2,2025-07-08,SIN_CUPO
3510,97,4,5,1,3,2025-07-01,ASIGNADA
3511,97,4,3,1,2,2025-07-09,ASIGNADA
3512,97,4,6,1,3,2025-07-09,ASIGNADA
3513,62,4,3,1,3,2025-07-06,ASIGNADA
3514,62,4,2,2,1,2025-07-06,ASIGNADA
3515,62,4,1,2,3,2025-07-03,ASIGNADA
3516,62,4,7,2,2,2025-07-03,ASIGNADA
3517,209,4,3,1,2,2025-07-10,ASIGNADA
3518,209,4,4,1,1,2025-07-09,SIN_CUPO
3519,209,4,5,1,2,2025-07-06,SIN_CUPO
3520,209,4,1,1,2,2025-07-07,SIN_CUPO
3521,236,4,6,2,1,2025-07-01,ASIGNADA
3522,236,4,7,3,1,2025-07-06,ASIGNADA
3523,236,4,9,1,3,2025-07-05,ASIGNADA
3524,236,4,3,1,2,2025-07-07,NO_ELEGIBLE
3525,47,4,6,1,1,2025-07-08,SIN_CUPO
3526,47,4,1,1,1,2025-07-05,NO_ELEGIBLE
3527,47,4,3,1,3,2025-07-09,ASIGNADA
3528,47,4,2,3,1,2025-07-06,ASIGNADA
3529,16,4,1,1,2,2025-07-10,SIN_CUPO
3530,16,4,8,1,1,2025-07-02,SIN_CUPO
3531,16,4,3,1,2,2025-07-06,ASIGNADA
3532,16,4,9,2,2,2025-07-06,ASIGNADA
3533,53,4,8,2,2,2025-07-06,ASIGNADA
3534,53,4,9,3,2,2025-07-03,ASIGNADA
3535,53,4,6,1,3,2025-07-09,ASIGNADA
3536,53,4,3,1,2,2025-07-11,ASIGNADA
3537,52,4,2,1,1,2025-07-06,SIN_CUPO
3538,52,4,6,2,2,2025-07-07,ASIGNADA
3539,52,4,9,2,1,2025-07-07,ASIGNADA
3540,52,4,8,1,1,2025-07-07,SIN_CUPO
3541,187,4,5,1,2,2025-07-11,SIN_CUPO
3542,187,4,6,1,3,2025-07-06,ASIGNADA
3543,187,4,1,3,1,2025-07-11,ASIGNADA
3544,187,4,8,2,1,2025-07-11,ASIGNADA
3545,203,4,4,3,1,2025-07-04,ASIGNADA
3546,203,4,7,2,1,2025-07-06,ASIGNADA
3547,203,4,2,1,1,2025-07-05,SIN_CUPO
3548,203,4,1,1,1,2025-07-11,SIN_CUPO
3549,211,4,4,2,1,2025-07-02,ASIGNADA
3550,211,4,2,1,1,2025-07-09,SIN_CUPO
3551,211,4,8,2,1,2025-07-02,ASIGNADA
3552,211,4,6,3,1,2025-07-04,ASIGNADA
3553,173,4,6,1,2,2025-07-03,ASIGNADA
3554,173,4,8,1,2,2025-07-01,SIN_CUPO
3555,173,4,4,3,3,2025-07-06,ASIGNADA
3556,173,4,7,1,1,2025-07-05,SIN_CUPO
3557,153,4,4,1,2,2025-07-01,NO_ELEGIBLE
3558,153,4,9,2,1,2025-07-10,ASIGNADA
3559,153,4,7,1,1,2025-07-09,NO_ELEGIBLE
3560,153,4,5,1,2,2025-07-08,SIN_CUPO
3561,189,4,1,1,2,2025-07-09,SIN_CUPO
3562,189,4,3,1,2,2025-07-04,SIN_CUPO
3563,189,4,7,1,1,2025-07-01,SIN_CUPO
3564,189,4,6,2,1,2025-07-07,ASIGNADA
3565,6,4,9,1,1,2025-07-04,SIN_CUPO
3566,6,4,7,2,3,2025-07-11,ASIGNADA
3567,6,4,8,3,1,2025-07-08,ASIGNADA
3568,6,4,2,1,2,2025-07-05,ASIGNADA
3569,206,4,9,2,1,2025-07-09,ASIGNADA
3570,206,4,3,1,2,2025-07-10,SIN_CUPO
3571,206,4,7,1,3,2025-07-01,ASIGNADA
3572,206,4,1,2,2,2025-07-08,ASIGNADA
3573,157,4,2,2,1,2025-07-06,ASIGNADA
3574,157,4,8,1,1,2025-07-01,SIN_CUPO
3575,157,4,1,1,1,2025-07-01,SIN_CUPO
3576,157,4,6,1,1,2025-07-04,SIN_CUPO
3577,104,4,4,1,3,2025-07-01,SIN_CUPO
3578,104,4,2,1,2,2025-07-03,ASIGNADA
3579,104,4,7,3,3,2025-07-06,ASIGNADA
3580,104,4,3,1,1,2025-07-03,SIN_CUPO
3581,208,4,2,2,2,2025-07-01,ASIGNADA
3582,208,4,1,1,2,2025-07-10,SIN_CUPO
3583,208,4,5,3,1,2025-07-06,ASIGNADA
3584,208,4,6,2,1,2025-07-05,ASIGNADA
3585,176,4,2,2,2,2025-07-10,ASIGNADA
3586,176,4,1,2,3,2025-07-09,ASIGNADA
3587,176,4,8,1,2,2025-07-04,SIN_CUPO
3588,176,4,6,1,2,2025-07-01,ASIGNADA
3589,145,4,3,2,1,2025-07-01,ASIGNADA
3590,145,4,1,1,1,2025-07-09,SIN_CUPO
3591,145,4,2,2,3,2025-07-07,ASIGNADA
3592,145,4,8,1,1,2025-07-04,SIN_CUPO
3593,114,4,5,3,2,2025-07-10,NO_ELEGIBLE
3594,114,4,1,1,2,2025-07-10,SIN_CUPO
3595,114,4,9,1,1,2025-07-06,SIN_CUPO
3596,114,4,2,2,3,2025-07-08,ASIGNADA
3597,214,4,5,2,1,2025-07-04,SIN_CUPO
3598,214,4,6,2,2,2025-07-06,ASIGNADA
3599,214,4,1,1,1,2025-07-10,SIN_CUPO
3600,214,4,4,3,1,2025-07-07,ASIGNADA
3601,63,4,4,2,1,2025-07-06,ASIGNADA
3602,63,4,1,2,1,2025-07-10,ASIGNADA
3603,63,4,8,2,1,2025-07-10,ASIGNADA
3604,63,4,3,1,1,2025-07-06,DESISTIDA
3605,184,4,1,1,3,2025-07-09,ASIGNADA
3606,184,4,2,1,1,2025-07-06,SIN_CUPO
3607,184,4,6,2,1,2025-07-06,NO_ELEGIBLE
3608,184,4,5,1,3,2025-07-04,ASIGNADA
3609,193,4,6,1,2,2025-07-10,ASIGNADA
3610,193,4,5,1,1,2025-07-09,SIN_CUPO
3611,193,4,2,1,1,2025-07-04,SIN_CUPO
3612,193,4,1,1,1,2025-07-11,SIN_CUPO
3613,194,4,9,2,1,2025-07-08,ASIGNADA
3614,194,4,2,2,3,2025-07-06,ASIGNADA
3615,194,4,4,1,1,2025-07-01,SIN_CUPO
3616,194,4,3,2,1,2025-07-01,ASIGNADA
3617,117,4,6,1,1,2025-07-09,DESISTIDA
3618,117,4,2,1,3,2025-07-01,NO_ELEGIBLE
3619,117,4,5,1,1,2025-07-09,SIN_CUPO
3620,117,4,4,1,1,2025-07-05,SIN_CUPO
3621,109,4,6,2,1,2025-07-11,ASIGNADA
3622,109,4,1,1,1,2025-07-11,SIN_CUPO
3623,109,4,4,1,1,2025-07-08,SIN_CUPO
3624,109,4,2,2,3,2025-07-09,ASIGNADA
3625,44,4,2,2,1,2025-07-10,NO_ELEGIBLE
3626,44,4,1,1,1,2025-07-03,SIN_CUPO
3627,44,4,3,2,2,2025-07-04,ASIGNADA
3628,44,4,9,2,2,2025-07-07,SIN_CUPO
3629,10,4,3,2,2,2025-07-05,ASIGNADA
3630,10,4,7,1,1,2025-07-07,SIN_CUPO
3631,10,4,1,1,2,2025-07-09,SIN_CUPO
3632,10,4,2,1,1,2025-07-09,SIN_CUPO
3633,201,4,7,1,1,2025-07-06,SIN_CUPO
3634,201,4,4,2,1,2025-07-02,ASIGNADA
3635,201,4,6,1,3,2025-07-11,SIN_CUPO
3636,201,4,8,1,2,2025-07-01,NO_ELEGIBLE
3637,218,4,1,3,1,2025-07-07,ASIGNADA
3638,218,4,2,3,1,2025-07-01,ASIGNADA
3639,218,4,8,1,1,2025-07-02,SIN_CUPO
3640,218,4,5,1,3,2025-07-11,ASIGNADA
3641,150,4,2,1,1,2025-07-05,SIN_CUPO
3642,150,4,7,1,1,2025-07-10,SIN_CUPO
3643,150,4,8,2,1,2025-07-08,ASIGNADA
3644,150,4,9,1,1,2025-07-03,SIN_CUPO
3645,192,4,8,2,1,2025-07-07,ASIGNADA
3646,192,4,9,2,1,2025-07-07,ASIGNADA
3647,192,4,1,2,1,2025-07-07,ASIGNADA
3648,192,4,2,2,3,2025-07-10,ASIGNADA
3649,234,4,6,1,1,2025-07-08,SIN_CUPO
3650,234,4,8,1,3,2025-07-03,ASIGNADA
3651,234,4,7,3,1,2025-07-10,ASIGNADA
3652,234,4,2,3,1,2025-07-09,ASIGNADA
3653,185,4,4,2,1,2025-07-02,ASIGNADA
3654,185,4,2,2,1,2025-07-09,ASIGNADA
3655,185,4,6,1,1,2025-07-07,SIN_CUPO
3656,185,4,1,1,2,2025-07-03,SIN_CUPO
3657,107,4,4,1,2,2025-07-09,ASIGNADA
3658,107,4,3,1,2,2025-07-04,SIN_CUPO
3659,107,4,1,1,3,2025-07-08,ASIGNADA
3660,107,4,6,3,2,2025-07-01,ASIGNADA
3661,115,4,9,3,1,2025-07-09,ASIGNADA
3662,115,4,6,1,1,2025-07-03,SIN_CUPO
3663,115,4,5,1,1,2025-07-05,SIN_CUPO
3664,115,4,3,2,2,2025-07-11,ASIGNADA
3665,8,4,8,2,1,2025-07-11,ASIGNADA
3666,8,4,4,1,2,2025-07-09,ASIGNADA
3667,8,4,2,2,1,2025-07-06,ASIGNADA
3668,8,4,6,2,1,2025-07-06,ASIGNADA
3669,46,4,9,2,2,2025-07-03,SIN_CUPO
3670,46,4,1,1,1,2025-07-08,SIN_CUPO
3671,46,4,4,2,3,2025-07-07,ASIGNADA
3672,46,4,3,1,2,2025-07-04,SIN_CUPO
3673,3,4,7,3,1,2025-07-09,ASIGNADA
3674,3,4,5,1,1,2025-07-11,SIN_CUPO
3675,3,4,2,1,3,2025-07-01,ASIGNADA
3676,3,4,6,1,1,2025-07-09,SIN_CUPO
3677,154,4,1,1,1,2025-07-11,SIN_CUPO
3678,154,4,8,1,1,2025-07-08,SIN_CUPO
3679,154,4,6,1,1,2025-07-02,SIN_CUPO
3680,154,4,2,1,2,2025-07-10,NO_ELEGIBLE
3681,232,4,9,2,1,2025-07-07,ASIGNADA
3682,232,4,4,2,1,2025-07-10,ASIGNADA
3683,232,4,7,1,1,2025-07-03,SIN_CUPO
3684,232,4,8,1,1,2025-07-02,SIN_CUPO
3685,1,4,2,1,1,2025-07-04,SIN_CUPO
3686,1,4,3,2,1,2025-07-10,ASIGNADA
3687,1,4,9,1,1,2025-07-02,SIN_CUPO
3688,1,4,7,2,2,2025-07-04,ASIGNADA
3689,199,4,6,2,3,2025-07-10,ASIGNADA
3690,199,4,2,1,1,2025-07-01,SIN_CUPO
3691,199,4,4,1,1,2025-07-01,SIN_CUPO
3692,199,4,7,1,1,2025-07-09,SIN_CUPO
3693,172,4,5,2,1,2025-07-05,SIN_CUPO
3694,172,4,4,1,2,2025-07-01,ASIGNADA
3695,172,4,9,1,1,2025-07-03,SIN_CUPO
3696,172,4,2,3,3,2025-07-09,ASIGNADA
3697,13,4,7,1,1,2025-07-03,SIN_CUPO
3698,13,4,3,1,1,2025-07-07,SIN_CUPO
3699,13,4,4,1,2,2025-07-05,ASIGNADA
3700,13,4,1,2,1,2025-07-02,ASIGNADA
3701,156,4,3,1,1,2025-07-07,SIN_CUPO
3702,156,4,5,1,2,2025-07-06,SIN_CUPO
3703,156,4,1,1,2,2025-07-03,SIN_CUPO
3704,156,4,9,2,1,2025-07-06,ASIGNADA
3705,155,4,8,2,2,2025-07-07,ASIGNADA
3706,155,4,9,2,1,2025-07-05,ASIGNADA
3707,155,4,3,1,2,2025-07-08,SIN_CUPO
3708,155,4,1,1,3,2025-07-09,ASIGNADA
3709,158,4,9,1,1,2025-07-07,SIN_CUPO
3710,158,4,5,1,1,2025-07-10,SIN_CUPO
3711,158,4,2,1,1,2025-07-03,SIN_CUPO
3712,158,4,1,1,1,2025-07-04,SIN_CUPO
3713,146,4,8,3,1,2025-07-09,ASIGNADA
3714,146,4,9,2,1,2025-07-03,ASIGNADA
3715,146,4,4,3,1,2025-07-11,ASIGNADA
3716,146,4,7,1,1,2025-07-02,SIN_CUPO
3717,175,4,3,2,1,2025-07-07,ASIGNADA
3718,175,4,5,3,1,2025-07-09,ASIGNADA
3719,175,4,7,1,1,2025-07-07,SIN_CUPO
3720,175,4,4,2,1,2025-07-03,ASIGNADA
3721,230,4,2,2,1,2025-07-10,ASIGNADA
3722,230,4,1,2,1,2025-07-03,ASIGNADA
3723,230,4,8,2,2,2025-07-01,ASIGNADA
3724,230,4,3,1,1,2025-07-06,SIN_CUPO
3725,30,4,8,1,1,2025-07-01,SIN_CUPO
3726,30,4,6,1,1,2025-07-04,SIN_CUPO
3727,30,4,9,1,1,2025-07-10,SIN_CUPO
3728,30,4,5,1,1,2025-07-11,DESISTIDA
3729,216,4,4,2,2,2025-07-08,ASIGNADA
3730,216,4,2,3,3,2025-07-06,ASIGNADA
3731,216,4,9,3,2,2025-07-05,ASIGNADA
3732,216,4,5,3,1,2025-07-05,ASIGNADA
3733,220,4,2,2,2,2025-07-09,ASIGNADA
3734,220,4,9,2,2,2025-07-08,NO_ELEGIBLE
3735,220,4,8,1,2,2025-07-10,SIN_CUPO
3736,220,4,3,1,3,2025-07-03,ASIGNADA
3737,96,4,4,2,1,2025-07-08,ASIGNADA
3738,96,4,8,1,2,2025-07-01,SIN_CUPO
3739,96,4,5,2,1,2025-07-05,SIN_CUPO
3740,96,4,7,2,1,2025-07-09,ASIGNADA
3741,21,4,9,2,1,2025-07-04,SIN_CUPO
3742,21,4,3,1,1,2025-07-10,SIN_CUPO
3743,21,4,1,2,1,2025-07-07,ASIGNADA
3744,21,4,7,2,3,2025-07-02,ASIGNADA
3745,12,4,5,3,2,2025-07-11,ASIGNADA
3746,12,4,3,2,2,2025-07-06,ASIGNADA
3747,12,4,2,1,2,2025-07-08,ASIGNADA
3748,12,4,7,2,1,2025-07-07,ASIGNADA
3749,166,4,7,1,1,2025-07-05,SIN_CUPO
3750,166,4,3,1,1,2025-07-03,NO_ELEGIBLE
3751,166,4,1,3,1,2025-07-03,ASIGNADA
3752,166,4,8,2,3,2025-07-01,ASIGNADA
3753,69,4,5,2,1,2025-07-01,NO_ELEGIBLE
3754,69,4,9,1,2,2025-07-04,SIN_CUPO
3755,69,4,1,1,1,2025-07-08,SIN_CUPO
3756,69,4,8,1,1,2025-07-04,SIN_CUPO
3757,129,4,9,2,2,2025-07-05,SIN_CUPO
3758,129,4,1,1,1,2025-07-03,SIN_CUPO
3759,129,4,4,1,1,2025-07-11,SIN_CUPO
3760,129,4,8,1,2,2025-07-05,SIN_CUPO
3761,24,4,5,1,1,2025-07-06,SIN_CUPO
3762,24,4,1,1,2,2025-07-01,SIN_CUPO
3763,24,4,4,3,3,2025-07-09,ASIGNADA
3764,24,4,2,1,3,2025-07-03,ASIGNADA
3765,222,4,6,1,1,2025-07-04,SIN_CUPO
3766,222,4,7,1,2,2025-07-04,ASIGNADA
3767,222,4,5,2,2,2025-07-11,ASIGNADA
3768,222,4,3,1,2,2025-07-06,SIN_CUPO
3769,27,4,3,1,3,2025-07-10,ASIGNADA
3770,27,4,5,2,1,2025-07-08,SIN_CUPO
3771,27,4,7,1,1,2025-07-06,SIN_CUPO
3772,27,4,8,1,2,2025-07-11,SIN_CUPO
3773,9,4,9,1,3,2025-07-10,ASIGNADA
3774,9,4,5,1,1,2025-07-09,DESISTIDA
3775,9,4,1,3,1,2025-07-04,SIN_CUPO
3776,9,4,6,1,2,2025-07-01,SIN_CUPO
3777,162,4,5,1,2,2025-07-03,SIN_CUPO
3778,162,4,7,1,1,2025-07-10,NO_ELEGIBLE
3779,162,4,8,1,1,2025-07-04,SIN_CUPO
3780,162,4,9,1,1,2025-07-09,SIN_CUPO
3781,223,4,2,1,1,2025-07-10,SIN_CUPO
3782,223,4,8,3,1,2025-07-02,ASIGNADA
3783,223,4,4,1,1,2025-07-06,SIN_CUPO
3784,223,4,3,2,2,2025-07-09,SIN_CUPO
3785,168,4,9,3,2,2025-07-10,ASIGNADA
3786,168,4,8,1,1,2025-07-06,SIN_CUPO
3787,168,4,3,1,1,2025-07-02,SIN_CUPO
3788,168,4,4,1,2,2025-07-08,ASIGNADA
3789,75,4,7,1,2,2025-07-07,SIN_CUPO
3790,75,4,1,1,1,2025-07-01,SIN_CUPO
3791,75,4,5,2,1,2025-07-07,SIN_CUPO
3792,75,4,6,1,2,2025-07-07,SIN_CUPO
3793,89,4,5,1,1,2025-07-01,SIN_CUPO
3794,89,4,3,3,1,2025-07-11,ASIGNADA
3795,89,4,2,2,1,2025-07-06,SIN_CUPO
3796,89,4,1,1,1,2025-07-03,SIN_CUPO
3797,41,4,1,1,1,2025-07-01,SIN_CUPO
3798,41,4,7,1,2,2025-07-10,NO_ELEGIBLE
3799,41,4,5,1,2,2025-07-01,SIN_CUPO
3800,41,4,3,3,2,2025-07-08,ASIGNADA
3801,144,4,3,1,3,2025-07-04,ASIGNADA
3802,144,4,8,1,1,2025-07-04,SIN_CUPO
3803,144,4,2,1,2,2025-07-06,ASIGNADA
3804,144,4,9,1,1,2025-07-08,SIN_CUPO
3805,39,4,5,2,2,2025-07-03,ASIGNADA
3806,39,4,3,2,1,2025-07-06,ASIGNADA
3807,39,4,4,1,1,2025-07-01,SIN_CUPO
3808,39,4,8,1,2,2025-07-01,SIN_CUPO
3809,126,4,1,1,2,2025-07-01,SIN_CUPO
3810,126,4,9,1,1,2025-07-04,SIN_CUPO
3811,126,4,2,1,2,2025-07-05,ASIGNADA
3812,126,4,7,2,1,2025-07-04,ASIGNADA
3813,237,4,6,2,2,2025-07-04,ASIGNADA
3814,237,4,2,1,1,2025-07-01,SIN_CUPO
3815,237,4,5,1,3,2025-07-03,ASIGNADA
3816,237,4,9,3,2,2025-07-09,ASIGNADA
3817,125,4,8,1,1,2025-07-03,SIN_CUPO
3818,125,4,2,1,3,2025-07-06,ASIGNADA
3819,125,4,6,1,1,2025-07-09,SIN_CUPO
3820,125,4,5,3,1,2025-07-09,ASIGNADA
3821,170,4,7,1,1,2025-07-04,SIN_CUPO
3822,170,4,1,1,2,2025-07-02,SIN_CUPO
3823,170,4,3,3,2,2025-07-07,ASIGNADA
3824,170,4,9,1,1,2025-07-01,SIN_CUPO
3825,54,4,6,1,1,2025-07-09,SIN_CUPO
3826,54,4,7,1,3,2025-07-01,ASIGNADA
3827,54,4,1,2,2,2025-07-06,NO_ELEGIBLE
3828,54,4,8,2,1,2025-07-05,ASIGNADA
3829,233,4,8,2,2,2025-07-06,ASIGNADA
3830,233,4,1,1,2,2025-07-06,SIN_CUPO
3831,233,4,2,3,2,2025-07-06,ASIGNADA
3832,233,4,7,1,1,2025-07-08,SIN_CUPO
3833,5,4,5,1,2,2025-07-05,SIN_CUPO
3834,5,4,2,1,1,2025-07-01,SIN_CUPO
3835,5,4,8,1,1,2025-07-09,SIN_CUPO
3836,5,4,6,1,1,2025-07-04,SIN_CUPO
3837,120,4,6,2,2,2025-07-02,ASIGNADA
3838,120,4,7,3,1,2025-07-02,ASIGNADA
3839,120,4,8,1,1,2025-07-11,SIN_CUPO
3840,120,4,3,1,1,2025-07-11,SIN_CUPO
